AM0,BM0,ent0,Cent0,Pfreq0,Ppeak0,skew0,kurt0,Hmob0,Hcomp0,AM1,BM1,ent1,Cent1,Pfreq1,Ppeak1,skew1,kurt1,Hmob1,Hcomp1,AM2,BM2,ent2,Cent2,Pfreq2,Ppeak2,skew2,kurt2,Hmob2,Hcomp2,AM3,BM3,ent3,Cent3,Pfreq3,Ppeak3,skew3,kurt3,Hmob3,Hcomp3,AM4,BM4,ent4,Cent4,Pfreq4,Ppeak4,skew4,kurt4,Hmob4,Hcomp4,AM5,BM5,ent5,Cent5,Pfreq5,Ppeak5,skew5,kurt5,Hmob5,Hcomp5,AM6,BM6,ent6,Cent6,Pfreq6,Ppeak6,skew6,kurt6,Hmob6,Hcomp6,AM7,BM7,ent7,Cent7,Pfreq7,Ppeak7,skew7,kurt7,Hmob7,Hcomp7,AM8,BM8,ent8,Cent8,Pfreq8,Ppeak8,skew8,kurt8,Hmob8,Hcomp8
0.00048363974192950157,0.027250855510542127,3.5142184590742724,80.26154080890404,0.00010900334338827185,80.0,-0.009370874657597483,0.06486062388028202,1.6596660899946019,1.0614514144270002,0.00033610501806354107,0.015429896310762971,3.345886630119909,39.870337965107154,6.171932795610636e-05,30.0,-0.002924719877048172,1.0710609942007805,0.9945829306327705,1.1960375874450784,0.00029448642508133455,0.011351928726634597,3.6332198791310217,25.684341643235985,4.5407713665963423e-05,30.0,-0.0007962328049147479,0.4413395292681912,0.6601800592163647,1.1496467947522484,0.0003270836507257216,0.015538232963681706,3.3100004526405136,11.646458732726051,6.215145104559442e-05,10.0,0.029523854845977346,2.1805643135397093,0.3113658628998192,1.2956717171847352,0.0003592133629091021,0.017437720886604512,3.723224223062772,7.147073578426579,6.975073649188842e-05,6.0,0.0095185601684239,0.6973070041874663,0.18988596314245199,1.228274901953788,0.0002533545987108162,0.008475033728585631,3.3969721288203756,4.419783996416052,3.3899374514612636e-05,6.0,0.01254459614753787,0.9206292121264137,0.11836755278154508,1.212680521347575,0.00021170689036260052,0.005808066449324808,4.141665332237549,2.216087282153994,2.323109657051016e-05,1.9666666666666666,0.01216773569482921,-0.08147796270730856,0.059278707511383984,1.2415234834795426,0.00021031651655626854,0.00603611424664139,3.9345256832472715,1.0809674711706037,2.4144229197710688e-05,1.1515151515151516,0.0723448106579528,0.6271937091744966,0.02951987539821564,1.3110917371762065,0.001205511453830633,0.1447012604183847,4.1107482179521835,0.1987049495672472,0.00010603465017191862,0.021212121212121213,0.09584261630681443,0.12392078092614911,0.007366241368924573,2.229767268921457
