AM0,BM0,ent0,Cent0,Pfreq0,Ppeak0,skew0,kurt0,Hmob0,Hcomp0,AM1,BM1,ent1,Cent1,Pfreq1,Ppeak1,skew1,kurt1,Hmob1,Hcomp1,AM2,BM2,ent2,Cent2,Pfreq2,Ppeak2,skew2,kurt2,Hmob2,Hcomp2,AM3,BM3,ent3,Cent3,Pfreq3,Ppeak3,skew3,kurt3,Hmob3,Hcomp3,AM4,BM4,ent4,Cent4,Pfreq4,Ppeak4,skew4,kurt4,Hmob4,Hcomp4,AM5,BM5,ent5,Cent5,Pfreq5,Ppeak5,skew5,kurt5,Hmob5,Hcomp5,AM6,BM6,ent6,Cent6,Pfreq6,Ppeak6,skew6,kurt6,Hmob6,Hcomp6,AM7,BM7,ent7,Cent7,Pfreq7,Ppeak7,skew7,kurt7,Hmob7,Hcomp7,AM8,BM8,ent8,Cent8,Pfreq8,Ppeak8,skew8,kurt8,Hmob8,Hcomp8,decTime,n_modes
0.0004776794957906273,0.02707177508779482,3.16456327892569,79.89206635890531,0.00010828693931841714,80.0,0.002799386033445497,0.4885165052385534,1.655791710403163,1.061548787554031,0.00032549460149598937,0.014832668815428293,3.1721146320256666,38.7673886948866,5.933066176369739e-05,30.0,-0.010080102486625553,1.89563486569212,0.9698009777188991,1.1949342466919797,0.00029010673670286477,0.011344224009637966,3.210513402114916,25.678487267458074,4.53768833757445e-05,30.0,0.0040633806569687495,1.351484718631311,0.6605944455320488,1.1498875007212788,0.0002886803473421889,0.011479165871611905,3.5279766453673855,12.360565279945323,4.591628180485641e-05,10.0,0.01434535230334983,1.3883939084792205,0.33086005316303746,1.2901659248546922,0.00035632719986816925,0.017101395341473907,3.6003827770602026,7.4780581799701835,6.840495107500778e-05,10.0,-0.007217086536654778,0.7765667394864892,0.19995656563060085,1.2434097499948824,0.00025125118260113123,0.008398851579418007,3.6554663173313324,4.778481695099399,3.359530715318647e-05,6.0,-0.008718517349461974,0.5293447223108552,0.1260363115044799,1.1809746391868803,0.0001971565100512672,0.00510053973677559,3.810966749575723,2.1925670768621823,2.039775801354548e-05,1.9212121212121211,-0.026624314483663016,0.2482429007874849,0.0597655310735597,1.3042657862389626,0.0001981697575568162,0.005177751391949395,4.061491233305658,1.1076681541613387,2.0711005422760177e-05,1.1,-0.034249034828634284,0.08363137444088764,0.029820200810414414,1.2691304765552225,0.0016136728490873762,0.24758981187150042,4.142475428502236,0.13515831110832033,0.0001328155772484526,0.0030303030303030303,0.01478047464084391,-0.08579364268165124,0.0060635373866058115,2.7048906611242782,6.005176544189453,9
