AM0,BM0,ent0,pow0,Cent0,Ppeak0,Pfreq0,skew0,kurt0,Hmob0,Hcomp0,AM1,BM1,ent1,pow1,Cent1,Ppeak1,Pfreq1,skew1,kurt1,Hmob1,Hcomp1,AM2,BM2,ent2,pow2,Cent2,Ppeak2,Pfreq2,skew2,kurt2,Hmob2,Hcomp2,AM3,BM3,ent3,pow3,Cent3,Ppeak3,Pfreq3,skew3,kurt3,Hmob3,Hcomp3,AM4,BM4,ent4,pow4,Cent4,Ppeak4,Pfreq4,skew4,kurt4,Hmob4,Hcomp4,AM5,BM5,ent5,pow5,Cent5,Ppeak5,Pfreq5,skew5,kurt5,Hmob5,Hcomp5,AM6,BM6,ent6,pow6,Cent6,Ppeak6,Pfreq6,skew6,kurt6,Hmob6,Hcomp6,AM7,BM7,ent7,pow7,Cent7,Ppeak7,Pfreq7,skew7,kurt7,Hmob7,Hcomp7,AM8,BM8,ent8,pow8,Cent8,Ppeak8,Pfreq8,skew8,kurt8,Hmob8,Hcomp8
24350035.188343827,1804023669.8988771,7.907225054794674,4.141111549886465e-05,80.7523195613899,0.11688024887104417,80.078125,-5.142413547293835e-05,0.13832488852175384,1.6631099032077403,1.063107404314379,13808751.282379696,966156002.4411132,7.770393692166582,1.9349925127400956e-05,41.05701849992189,0.07092854158460767,30.029296875,0.02562118641749085,2.6259218094986503,1.0205433214184023,1.1953567512526517,7122315.8345772,657781018.6493894,6.498585547808271,7.071482341177301e-05,27.92290075963347,0.1614739281790575,30.029296875,-0.010550814852221733,1.3508245365399043,0.7098819179457972,1.1334095307758456,5087884.560864723,319779331.61762625,6.338772440506825,4.197000452548845e-05,13.562488596487917,0.09982116072117127,10.009765625,-0.029795204462529843,3.9715700853554727,0.36796299985598874,1.3327038727150007,2161504.5340215103,192123553.77121383,5.181861664267782,9.503510422128387e-05,8.14714288770031,0.15893159936973897,10.009765625,0.004881674102719348,1.7113003788353414,0.21634229635832766,1.223802048765747,1606354.9488599086,120984915.216701,4.565486847194852,0.0001250129907632573,5.133468264664627,0.15150573541564777,6.103515625,-0.011855580903914354,0.8315454109088067,0.13542692769037598,1.183621883737753,1493725.1885564418,61890961.16046953,4.1771112827774575,0.00012719670468088466,2.6286052208521116,0.09474218002447918,2.197265625,-0.011909906953644833,0.13776654067394478,0.07143497397741436,1.30654030012492,749029.9426114993,33563503.08783375,3.1168695841648497,0.00027091253401718073,1.4235572700287344,0.2022458789863424,1.220703125,-0.012226548483937394,-0.03491812372714209,0.038015531634769034,1.2457761028775824,114293.96628327496,1219417.473218799,2.216654460831889,0.000512042619196067,0.45670833745975853,0.39430539883417676,0.244140625,-0.19746337260746377,-0.1450304368397637,0.0086969557383733,2.4638283635128038
