AM0,BM0,ent0,Cent0,Pfreq0,Ppeak0,skew0,kurt0,Hmob0,Hcomp0,AM1,BM1,ent1,Cent1,Pfreq1,Ppeak1,skew1,kurt1,Hmob1,Hcomp1,AM2,BM2,ent2,Cent2,Pfreq2,Ppeak2,skew2,kurt2,Hmob2,Hcomp2,AM3,BM3,ent3,Cent3,Pfreq3,Ppeak3,skew3,kurt3,Hmob3,Hcomp3,AM4,BM4,ent4,Cent4,Pfreq4,Ppeak4,skew4,kurt4,Hmob4,Hcomp4,AM5,BM5,ent5,Cent5,Pfreq5,Ppeak5,skew5,kurt5,Hmob5,Hcomp5,AM6,BM6,ent6,Cent6,Pfreq6,Ppeak6,skew6,kurt6,Hmob6,Hcomp6,AM7,BM7,ent7,Cent7,Pfreq7,Ppeak7,skew7,kurt7,Hmob7,Hcomp7,AM8,BM8,ent8,Cent8,Pfreq8,Ppeak8,skew8,kurt8,Hmob8,Hcomp8
0.0004737458432405851,0.026430239234556528,3.6022872052837833,79.56042416350768,0.00010572006680639353,80.0,0.002609233992007444,0.0678423484302022,1.6524515105651685,1.0622256104995218,0.00031467276700970396,0.013407964658436217,3.620675458516657,38.68024654107417,5.363152119758708e-05,30.0,-0.0066059999194255075,0.8673199504290081,0.9673113230868697,1.1885904414183779,0.00027604767306433584,0.00994698731564531,3.5649831107480328,25.54166466795624,3.978794329269307e-05,30.0,-0.013377049508978882,0.358538859889034,0.6576830066341015,1.1528169954885483,0.0003115300187769254,0.013851121510563629,3.4315160845681274,11.434844011860545,5.5404457866094736e-05,10.0,0.0005278799927203057,1.643563218473438,0.3070950020138464,1.3154144946514919,0.0003379791419333085,0.014681568519152638,3.9267807716497773,7.011229633161337,5.872407071020745e-05,6.0,-0.005818280257888234,0.04226914469264598,0.18637480283267938,1.2362068832730184,0.0002482163641371138,0.007980443475360387,3.6711141183860283,4.412723781256135,3.1921425328986835e-05,6.0,-0.012484234782528622,0.24345094807534817,0.1175520443991553,1.2124645950935544,0.0001904480146329528,0.0046911076629962065,4.031668658436969,2.129284346750061,1.8761070464098453e-05,1.518181818181818,-0.01962163111839943,0.004189072863365784,0.05676600098951043,1.2316201731647984,0.00016498223934889608,0.0036957951750711685,3.866666456434512,0.9902238505005923,1.4782484078100569e-05,0.7757575757575758,-0.056969334319617676,0.5966542671323736,0.026860325278745337,1.2877183083406156,0.0006680821150034797,0.056707521999897925,4.148027193144143,0.11124821585186206,0.00013490003451037183,0.006060606060606061,0.15068021791909444,-0.07756896532498514,0.005172238301259673,2.8736064203970924
