AM0,BM0,ent0,Cent0,Pfreq0,Ppeak0,skew0,kurt0,Hmob0,Hcomp0,AM1,BM1,ent1,Cent1,Pfreq1,Ppeak1,skew1,kurt1,Hmob1,Hcomp1,AM2,BM2,ent2,Cent2,Pfreq2,Ppeak2,skew2,kurt2,Hmob2,Hcomp2,AM3,BM3,ent3,Cent3,Pfreq3,Ppeak3,skew3,kurt3,Hmob3,Hcomp3,AM4,BM4,ent4,Cent4,Pfreq4,Ppeak4,skew4,kurt4,Hmob4,Hcomp4,AM5,BM5,ent5,Cent5,Pfreq5,Ppeak5,skew5,kurt5,Hmob5,Hcomp5,AM6,BM6,ent6,Cent6,Pfreq6,Ppeak6,skew6,kurt6,Hmob6,Hcomp6,AM7,BM7,ent7,Cent7,Pfreq7,Ppeak7,skew7,kurt7,Hmob7,Hcomp7,AM8,BM8,ent8,Cent8,Pfreq8,Ppeak8,skew8,kurt8,Hmob8,Hcomp8,decTime,n_modes
0.0004670322622508112,0.025235247687412133,3.574116447925982,80.14519503134206,0.00010094089374768832,80.0,0.00012171636151061142,-0.17103826331450422,1.657773136696232,1.0624712519675394,0.0003173980804438601,0.01378783075387251,3.198172962931916,39.31906159012673,5.515132128259938e-05,30.0,0.0007461379583679193,1.3786800677433275,0.9821404000328797,1.1984290263651993,0.00027376994055778757,0.009736265905230369,3.572353102879611,26.459237373020386,3.8945044702912745e-05,30.0,-0.009060461673654643,0.46841321831968674,0.6774466183566729,1.1414428337103384,0.0002889948877188139,0.011813076504706893,3.3494028400986253,12.321259634410659,4.725188755943088e-05,10.0,0.006844478028952686,1.6875363772411198,0.3332226879340001,1.3377580010476906,0.00034377461407590425,0.015494123260112097,3.747938861278905,7.5392342209107595,6.197645641894262e-05,6.0,0.001262970499074662,0.38036128709322004,0.20096857192904805,1.2402468543161211,0.00025978444436624887,0.009087181894833535,3.4955928704167114,4.89256593482475,3.634871663997938e-05,6.0,-0.002152658874401209,0.9681490083562507,0.1291325165189404,1.1697121065142824,0.00020044967410149343,0.005264702602889003,4.016521038008663,2.3567497607254606,2.105719416324119e-05,2.06969696969697,-0.004227377904313221,0.08500519926083161,0.06365459288556767,1.2702743669715941,0.00016638882530087702,0.0037750120854557544,4.053973852663615,1.2167491240736572,1.5099575673249139e-05,1.0151515151515151,0.0007203512585036656,0.2537392200155115,0.03256380575956428,1.2483204916234216,0.0005180611022446526,0.034474103324957275,4.0547512938284545,0.134871447056339,0.00013514573222417702,0.012121212121212121,-0.39350155689020805,0.27361993463715795,0.006155062775809509,2.9707353987202065,6.309048414230347,9
