AM0,BM0,ent0,Cent0,Pfreq0,Ppeak0,skew0,kurt0,Hmob0,Hcomp0,AM1,BM1,ent1,Cent1,Pfreq1,Ppeak1,skew1,kurt1,Hmob1,Hcomp1,AM2,BM2,ent2,Cent2,Pfreq2,Ppeak2,skew2,kurt2,Hmob2,Hcomp2,AM3,BM3,ent3,Cent3,Pfreq3,Ppeak3,skew3,kurt3,Hmob3,Hcomp3,AM4,BM4,ent4,Cent4,Pfreq4,Ppeak4,skew4,kurt4,Hmob4,Hcomp4,AM5,BM5,ent5,Cent5,Pfreq5,Ppeak5,skew5,kurt5,Hmob5,Hcomp5,AM6,BM6,ent6,Cent6,Pfreq6,Ppeak6,skew6,kurt6,Hmob6,Hcomp6,AM7,BM7,ent7,Cent7,Pfreq7,Ppeak7,skew7,kurt7,Hmob7,Hcomp7,decTime,n_modes
0.0002867511364120783,0.01119455058456367,3.2034149034705046,5.878046244198632,4.477790655637578e-05,6.0,0.07075786105173915,2.048223862125461,0.1495118958714849,1.1536119626897696,0.0002894431624086643,0.011443485059077076,3.5229398706352115,10.178036270323227,4.577390763587623e-05,10.0,-0.01348514759122046,1.3308558620394528,0.2565690172062369,1.0437423017952328,0.00028152576677143674,0.011168442343907238,3.3778993058629396,29.975484444396166,4.467376894263144e-05,30.0,-0.00014344270490775123,1.531095632582696,0.7363148687501117,1.0041002618068593,0.00010226135845901989,0.0015062930354396004,3.224109775107855,45.23619694862323,6.0251720583934845e-06,45.15151515151515,-8.806190181876426e-05,1.7069857947406701,1.0778980812435186,1.0095627917481895,0.00010188963372147315,0.0015096977427591619,3.360513269546378,62.587675015135716,6.038790948279194e-06,62.39393939393939,0.0005453976966330749,1.6607709271821367,1.4157153805096954,1.003910844579674,0.0002739368891131006,0.010851806157653935,3.5572688132507126,80.00214692314597,4.340722462208207e-05,80.0,-0.0004997060766655115,1.4910035810675968,1.6885349301618993,1.000234977978153,0.00010104376258940622,0.0014833379731491153,3.2907544276294836,97.37879399894788,5.933351888703213e-06,100.01818181818182,-0.00022727073588800386,1.767509000285873,1.879005560288602,1.000558916199457,0.00010183657405508413,0.0015061552162590405,3.351465983991049,115.67090637566105,6.024620863081937e-06,116.0060606060606,-6.151542859535626e-05,1.716986930979295,1.9843329192495858,1.000079887812992,24.03324007987976,8
