AM0,BM0,ent0,Cent0,Pfreq0,Ppeak0,skew0,kurt0,Hmob0,Hcomp0,AM1,BM1,ent1,Cent1,Pfreq1,Ppeak1,skew1,kurt1,Hmob1,Hcomp1,AM2,BM2,ent2,Cent2,Pfreq2,Ppeak2,skew2,kurt2,Hmob2,Hcomp2,AM3,BM3,ent3,Cent3,Pfreq3,Ppeak3,skew3,kurt3,Hmob3,Hcomp3,AM4,BM4,ent4,Cent4,Pfreq4,Ppeak4,skew4,kurt4,Hmob4,Hcomp4,decTime,n_modes
0.6365478336636857,41245.67300156552,4.280705145463461,6.003874275923527,164.98269200626208,6.0,-7.876952094925282e-05,-1.4998792730514816,0.15062074624299285,1.0001570585693922,0.6356824718464004,41239.53096966384,3.113767605628011,30.000029159887706,164.95812387865539,30.0,3.01913460319615e-07,-1.4997897377588254,0.7362547756265809,0.9999998644753445,0.6355447397556532,41226.25197619917,3.232425181445917,10.000222058267278,164.90500790479675,10.0,1.4903833129514915e-05,-1.499442407267607,0.25067431157736403,1.0000235446085137,0.6165086248993188,38787.280208692544,3.209249529717133,80.00000218525824,155.1491208347703,80.0,7.411509636318362e-06,-1.499705024589259,1.688666085432534,0.9999950683151971,0.019674629018930842,47.013772584141414,2.561194011291482,80.00591025735751,0.1880550903365657,80.0,0.005336421655757986,9.628875953442876,1.6887209354254487,1.0000227074764887,117.14750790596008,5
