AM0,BM0,ent0,Cent0,Pfreq0,Ppeak0,skew0,kurt0,Hmob0,Hcomp0,AM1,BM1,ent1,Cent1,Pfreq1,Ppeak1,skew1,kurt1,Hmob1,Hcomp1,AM2,BM2,ent2,Cent2,Pfreq2,Ppeak2,skew2,kurt2,Hmob2,Hcomp2,AM3,BM3,ent3,Cent3,Pfreq3,Ppeak3,skew3,kurt3,Hmob3,Hcomp3,decTime,n_modes
0.005080187569788439,2.6320791998397675,4.309320755295826,20.005074157397125,0.005264158399443818,20.0,0.0001531949411365486,-1.4938113850494217,0.2507471324607928,1.0004209520212186,0.002428291255734182,0.6013092813313996,4.372195832765741,12.002822053416583,0.0012026185608381235,12.0,-0.00048418944115176073,-1.4889864756605187,0.15066357517555862,1.0042594997923124,0.0021077460990778438,0.45325760408485516,3.9552449040006854,12.017686783332483,0.0009065152063408343,12.0,-0.0012306866402191986,-1.4830613357485791,0.1506055415283696,1.00568267886825,0.00013528482553678672,0.001955083568834238,2.6460321973419347,58.525170899173055,3.910167134449624e-06,60.0,-0.02967976191810794,0.02954199350695852,0.7213985671748115,1.008640446522977,10.76998519897461,4.0
