AM0,BM0,ent0,Cent0,Pfreq0,Ppeak0,skew0,kurt0,Hmob0,Hcomp0,AM1,BM1,ent1,Cent1,Pfreq1,Ppeak1,skew1,kurt1,Hmob1,Hcomp1,AM2,BM2,ent2,Cent2,Pfreq2,Ppeak2,skew2,kurt2,Hmob2,Hcomp2,AM3,BM3,ent3,Cent3,Pfreq3,Ppeak3,skew3,kurt3,Hmob3,Hcomp3,decTime,n_modes
0.0041991297493431876,1.7964222320264318,4.442256933242344,12.002161488333629,0.003592844462040658,12.0,3.224065592963485e-05,-1.4941713963358345,0.15065628858730803,1.0014582600112525,0.00435652988546828,1.9356246099941967,4.376982677983485,20.006677352284715,0.003871249219728164,20.0,8.55434111150025e-05,-1.4925188353313412,0.2507729404094879,1.0005663403306337,0.0007662978767033234,0.0607820652072836,3.2048627794263735,12.084947046577463,0.00012156412833950703,12.0,-0.011129687790892497,-1.173629809712176,0.15035223433996597,1.0403420137748454,0.0001631201419923842,0.0028068585893733827,2.4872639180680105,59.0421011473484,5.613717175310502e-06,60.0,-0.03187159990410017,0.40457661663763433,0.7264543866760509,1.0048555648522615,7.235036134719849,4.0
