AM0,BM0,ent0,Cent0,Pfreq0,Ppeak0,skew0,kurt0,Hmob0,Hcomp0,AM1,BM1,ent1,Cent1,Pfreq1,Ppeak1,skew1,kurt1,Hmob1,Hcomp1,AM2,BM2,ent2,Cent2,Pfreq2,Ppeak2,skew2,kurt2,Hmob2,Hcomp2,AM3,BM3,ent3,Cent3,Pfreq3,Ppeak3,skew3,kurt3,Hmob3,Hcomp3,decTime,n_modes
913.6210848870635,94000078102.78636,4.399379205059882,0.02204736269069839,188000156.20556554,0.006060606060606061,0.15593108867627856,-1.0489249130509184,0.0009533722034999337,69.69589494011996,12.360802574788154,19750130.82089725,3.96263570726976,11.001651551521238,39500.2616417945,9.884848484848485,0.02150771654483453,-0.0483829577566488,0.14267542218341325,1.1640207103418998,27.845951766059095,99760847.78854764,4.002490691528851,3.2906230466618913,199521.6955770953,2.727272727272727,-0.07257886168737253,0.09590784630394555,0.04490061288900837,1.7151375987512427,7.02132608385806,6326385.946480296,3.830162540663559,25.350624855080355,12652.771892960593,23.545454545454547,-0.004801662700727751,-0.08430850568031456,0.3228516616665507,1.0772620097145793,27.65004277229309,4.0
