AM0,BM0,ent0,Cent0,Pfreq0,Ppeak0,skew0,kurt0,Hmob0,Hcomp0,AM1,BM1,ent1,Cent1,Pfreq1,Ppeak1,skew1,kurt1,Hmob1,Hcomp1,AM2,BM2,ent2,Cent2,Pfreq2,Ppeak2,skew2,kurt2,Hmob2,Hcomp2,AM3,BM3,ent3,Cent3,Pfreq3,Ppeak3,skew3,kurt3,Hmob3,Hcomp3,decTime,n_modes
53.01913996257446,385041197.2460258,4.053836190577351,0.022069121320970605,770082.3944920369,0.006060606060606061,-0.932291015540688,0.05899510357515991,0.0009541803801621086,69.53781314237987,0.7871196486075026,80688.45913165466,3.9429422083774437,11.01675507134752,161.37691826330936,9.93939393939394,-0.02093982484530526,0.10154397331225029,0.14286495932323548,1.1636736159933405,1.767607625976052,407482.68280015106,4.073058460929839,3.2971240231352787,814.9653656003023,2.7515151515151515,-0.0333953113250844,-0.014892467148598598,0.0450075677842789,1.7117520246470947,0.447972409015653,25893.700477504615,3.95264772016279,25.354168925604316,51.78740095500924,20.0,-0.0004587368308635246,-0.0491062739630137,0.3229157173661892,1.077201684751729,30.062830448150635,4.0
