AM0,BM0,ent0,Cent0,Pfreq0,Ppeak0,skew0,kurt0,Hmob0,Hcomp0,AM1,BM1,ent1,Cent1,Pfreq1,Ppeak1,skew1,kurt1,Hmob1,Hcomp1,AM2,BM2,ent2,Cent2,Pfreq2,Ppeak2,skew2,kurt2,Hmob2,Hcomp2,AM3,BM3,ent3,Cent3,Pfreq3,Ppeak3,skew3,kurt3,Hmob3,Hcomp3,decTime,n_modes
8700.869516772835,9154478985830.842,4.3453447719933544,0.0220512612056694,18308957971.661503,0.006060606060606061,-0.5912775234250436,-0.7880024219251065,0.0009536664084967373,69.60239787847577,120.72750605502254,1922600466.9119523,3.8700154837478955,11.00954456936125,3845200.9338239045,9.921212121212122,0.02867197059268603,0.14731124295017928,0.1427675190642437,1.163712600827644,274.5779097413916,9710613208.32606,4.013094631747332,3.2911409265074214,19421226.41665212,2.703030303030303,0.04401845148998439,-0.04140009894961061,0.044940059996552754,1.71322264246261,69.00023630336878,615624377.8583504,3.985612104018885,25.34578683711901,1231248.7557167008,23.466666666666665,0.0037001227667324763,-0.03292111270430187,0.32288502980417605,1.0772958256044214,33.42872953414917,4.0
