AM0,BM0,ent0,Cent0,Pfreq0,Ppeak0,skew0,kurt0,Hmob0,Hcomp0,AM1,BM1,ent1,Cent1,Pfreq1,Ppeak1,skew1,kurt1,Hmob1,Hcomp1,AM2,BM2,ent2,Cent2,Pfreq2,Ppeak2,skew2,kurt2,Hmob2,Hcomp2,AM3,BM3,ent3,Cent3,Pfreq3,Ppeak3,skew3,kurt3,Hmob3,Hcomp3,decTime,n_modes
0.007505542198758141,5.7358443627159525,4.430131643791917,12.001388344796991,0.01147168872359407,12.0,0.00011318447697331353,-1.4977668271017546,0.15064872846174385,1.0005086550679132,0.00433261372256607,1.9147340148048695,4.305405314482379,20.008338762073006,0.0038294680293719774,20.0,-4.2328471658447563e-07,-1.4916825705090642,0.2507849500894762,1.0005929435274186,0.0004077950578277902,0.018420567934894803,2.5591670030391307,12.335802189909561,3.684113371426999e-05,12.0,-0.1023025338356,5.5365090842187055,0.14819568843319245,1.1399754489102432,0.00017059676991499004,0.003058533662747157,2.8017577715382336,59.08902187587294,6.117067322371067e-06,60.0,-0.019032330278137347,-0.5879095892888495,0.7271427370209325,1.0049728448169868,6.080265998840332,4.0
