AM0,BM0,ent0,Cent0,Pfreq0,Ppeak0,skew0,kurt0,Hmob0,Hcomp0,AM1,BM1,ent1,Cent1,Pfreq1,Ppeak1,skew1,kurt1,Hmob1,Hcomp1,AM2,BM2,ent2,Cent2,Pfreq2,Ppeak2,skew2,kurt2,Hmob2,Hcomp2,AM3,BM3,ent3,Cent3,Pfreq3,Ppeak3,skew3,kurt3,Hmob3,Hcomp3,decTime,n_modes
0.3967445916799929,16023.57544793635,4.355658403223659,6.0028326577249524,64.09430178699466,6.0,-0.00010757112691796076,-1.4996715037988642,0.15063044353355187,1.0003394599770166,0.5928316293734339,35865.54977825463,3.2226258100615564,30.000064726369356,143.4621991130109,30.0,-8.084562068257682e-07,-1.4999080647602263,0.7362557888630366,0.9999931129192583,0.6355291546675584,41223.78783669727,3.2881244916656835,10.000360042703322,164.89515134617406,10.0,2.423753873804149e-05,-1.499434547108216,0.2506761491285286,1.0000182793957282,0.23992397329128134,5862.821804373686,3.775294311923666,6.014338859969468,23.451287212732502,6.0,-0.0005981561207097062,-1.4917187368473277,0.15056004939907544,1.0009693520705958,12.80502700805664,4.0
