AM0,BM0,ent0,Cent0,Pfreq0,Ppeak0,skew0,kurt0,Hmob0,Hcomp0,AM1,BM1,ent1,Cent1,Pfreq1,Ppeak1,skew1,kurt1,Hmob1,Hcomp1,AM2,BM2,ent2,Cent2,Pfreq2,Ppeak2,skew2,kurt2,Hmob2,Hcomp2,AM3,BM3,ent3,Cent3,Pfreq3,Ppeak3,skew3,kurt3,Hmob3,Hcomp3,decTime,n_modes
0.005521412195552998,3.109080469008133,4.170650699332417,20.001038289400753,0.006218160937668244,20.0,-6.129336245413604e-05,-1.4965982864975425,0.2506895685056851,1.00021651255703,0.0039811476551583035,1.6159181021461595,4.15585924791052,12.010129161972014,0.0032318362015967762,12.0,-0.0006226804149525849,-1.4892104756108735,0.15056990960981365,1.0013416496780065,0.001071167023146633,0.11749948474116792,3.906137147183074,20.047095157521,0.00023499896913728848,20.0,0.001073973229188832,-1.4560879762691656,0.2514821902600333,1.0053101446832489,0.00015427503841071455,0.0024925152452269124,2.71032954858672,59.259904211380054,4.985030485937281e-06,60.0,-0.01826866396779401,-0.489124712872993,0.7288459240097711,1.0034393928409011,10.707218885421753,4.0
