AM0,BM0,ent0,Cent0,Pfreq0,Ppeak0,skew0,kurt0,Hmob0,Hcomp0,AM1,BM1,ent1,Cent1,Pfreq1,Ppeak1,skew1,kurt1,Hmob1,Hcomp1,AM2,BM2,ent2,Cent2,Pfreq2,Ppeak2,skew2,kurt2,Hmob2,Hcomp2,AM3,BM3,ent3,Cent3,Pfreq3,Ppeak3,skew3,kurt3,Hmob3,Hcomp3,AM4,BM4,ent4,Cent4,Pfreq4,Ppeak4,skew4,kurt4,Hmob4,Hcomp4,AM5,BM5,ent5,Cent5,Pfreq5,Ppeak5,skew5,kurt5,Hmob5,Hcomp5,AM6,BM6,ent6,Cent6,Pfreq6,Ppeak6,skew6,kurt6,Hmob6,Hcomp6,AM7,BM7,ent7,Cent7,Pfreq7,Ppeak7,skew7,kurt7,Hmob7,Hcomp7,decTime,n_modes
9.074972489362631,16537756.184103195,3.5554231858559318,6.001042678868385,66151.02473616402,6.003030303030303,0.0004322515177047526,3.5558270470466615,0.15064803809633165,1.000356672782004,10.313806373517705,21403385.16360461,3.55749785567073,9.998003390941767,85613.54065438619,9.996969696969696,0.0001845737329460437,3.6290619549089644,0.2505861321759574,1.0000964973815476,9.763663747552005,19299489.20902139,3.5350746793813523,30.00074700357056,77197.95683608517,30.003030303030304,2.7738329198872786e-05,3.764131802150307,0.7362722259716613,1.000014967648298,1.5278785203170082,551648.9304155546,2.382216136479323,6.025779153476125,2206.595721397535,5.996969696969697,0.15092424630621432,30.111612655484805,0.14859808424446905,1.0098220473388848,0.19337846338160478,58370.4121026524,0.5856061248536171,5.158970544268721,233.4816288327084,2.6272727272727274,44.70168947836903,2777.9996123749797,0.05728920035880852,1.8651997145619101,0.5864425124165956,170879.87016999576,1.3051061976787746,10.808803441784061,683.5194806538384,10.460606060606061,0.2198561153649334,228.52021479521932,0.26453197567422093,1.0021951152648427,0.15167586499267827,10192.228686195767,1.0282543881838808,22.830487767912594,40.76891474351253,22.754545454545454,0.2909375081820917,271.5831564558536,0.5591155311218065,1.009831875959203,0.33705754501680757,62229.9596565691,1.0128806647528994,29.20709011359913,248.9198386258187,29.075757575757574,0.0568532429028524,437.5466198789852,0.7124826061843396,0.9988040659615283,110.1009373664856,8.0
