AM0,BM0,ent0,Cent0,Pfreq0,Ppeak0,skew0,kurt0,Hmob0,Hcomp0,AM1,BM1,ent1,Cent1,Pfreq1,Ppeak1,skew1,kurt1,Hmob1,Hcomp1,AM2,BM2,ent2,Cent2,Pfreq2,Ppeak2,skew2,kurt2,Hmob2,Hcomp2,AM3,BM3,ent3,Cent3,Pfreq3,Ppeak3,skew3,kurt3,Hmob3,Hcomp3,AM4,BM4,ent4,Cent4,Pfreq4,Ppeak4,skew4,kurt4,Hmob4,Hcomp4,AM5,BM5,ent5,Cent5,Pfreq5,Ppeak5,skew5,kurt5,Hmob5,Hcomp5,AM6,BM6,ent6,Cent6,Pfreq6,Ppeak6,skew6,kurt6,Hmob6,Hcomp6,AM7,BM7,ent7,Cent7,Pfreq7,Ppeak7,skew7,kurt7,Hmob7,Hcomp7,decTime,n_modes
19.899991366872086,43872327.39471206,4.473243703520198,6.00022976999868,175489.30957813872,5.996969696969697,-0.000183232284601129,-1.1303896073655526,0.15065573965267537,1.0001082267672101,22.41436967293211,55750398.478594296,4.441383340512075,9.99980379293062,223001.59391428524,9.996969696969696,-7.233045394507457e-05,-1.1329303735701481,0.2506635489526893,1.000033887845426,22.019266730039632,54008487.34828855,4.418576770266434,30.00066001943789,216033.94939315305,29.996969696969696,-4.542353391608685e-06,-1.1112589026411266,0.7362696296286699,1.0000055089728759,3.706112618497002,1579041.5659778703,3.7934941700178664,6.006859025190025,6316.166263200236,5.996969696969697,0.0016925582139996238,-0.6980491352185503,0.15079253606297052,1.0025501651931878,0.3635121339062066,97376.45958742705,1.0478135335894567,6.100285402395707,389.50583627092567,5.260606060606061,9.450851441456903,700.707308282524,0.11742608649570056,1.0913770686189097,1.3392440839290498,289167.2673937109,2.6375069698205627,10.092988563777025,1156.6690694865515,10.003030303030304,0.038614827809210786,17.55544920047256,0.25307931381587456,1.0051771384991859,0.14612146506238904,9304.655291743333,1.5320168696315042,17.912592185869908,37.21862115809213,17.687878787878788,0.3290127057918531,90.26166218933658,0.44969138738046827,1.0335589841612443,0.3659126909810153,66273.18200508875,1.2209640827302846,29.17214772177678,265.0927280190604,29.26060606060606,0.10110058237736462,190.26491026794068,0.7128930478530003,1.0002559680404004,150.29022693634033,8.0
