AM0,BM0,ent0,Cent0,Pfreq0,Ppeak0,skew0,kurt0,Hmob0,Hcomp0,AM1,BM1,ent1,Cent1,Pfreq1,Ppeak1,skew1,kurt1,Hmob1,Hcomp1,AM2,BM2,ent2,Cent2,Pfreq2,Ppeak2,skew2,kurt2,Hmob2,Hcomp2,AM3,BM3,ent3,Cent3,Pfreq3,Ppeak3,skew3,kurt3,Hmob3,Hcomp3,AM4,BM4,ent4,Cent4,Pfreq4,Ppeak4,skew4,kurt4,Hmob4,Hcomp4,AM5,BM5,ent5,Cent5,Pfreq5,Ppeak5,skew5,kurt5,Hmob5,Hcomp5,AM6,BM6,ent6,Cent6,Pfreq6,Ppeak6,skew6,kurt6,Hmob6,Hcomp6,AM7,BM7,ent7,Cent7,Pfreq7,Ppeak7,skew7,kurt7,Hmob7,Hcomp7,decTime,n_modes
910.9749894272173,93374730750.30411,4.3761567050774515,0.01810117499268796,186749461.50060105,0.006060606060606061,0.1583007781223301,-1.0595733181263192,0.0005396091810091863,48.48191939661138,8.943901567164136,10207687.899924345,4.007083459261355,10.411019536736742,20415.375799848684,10.181818181818182,-0.003561378011033149,-0.09929908922979314,0.13174999621487757,1.0377406500748894,47.37596457121268,287908852.7955527,4.169697537297087,1.0531481705724148,575817.7055911055,0.9090909090909091,-0.04566160966002586,-0.17226395084600687,0.014178119484512733,1.839244495836605,21.394707684962896,60171872.06725998,3.9312408029086456,3.097365856598669,120343.74413451999,2.903030303030303,-0.02196216289835491,0.27922408685615974,0.039814486439413335,1.168794942670191,13.01484747434572,21769664.775333036,4.01594440100148,6.172545044061683,43539.32955066607,5.951515151515151,0.0057230308840972,-0.03615516626833193,0.07852533505659345,1.068112455359775,6.599531759341746,5585849.2040911475,3.8903387655891724,15.97413691019593,11171.6984081823,15.672727272727272,-0.0013175241496514928,-0.028369845406778893,0.20150140739080782,1.024912734415639,5.0589184115836225,3316943.1248557153,3.960417632153066,23.076731194817693,6633.8862497114305,22.684848484848484,-0.0009303295667401435,-0.022641661528374435,0.2900989932760497,1.0183314210889074,3.654209052362566,1741795.1027308071,3.9537000490681415,32.120063275224425,3483.5902054616145,31.236363636363638,-0.00025230257904386276,0.009527398653041086,0.40251321609165547,1.0175367856799742,272.7511975765228,8.0
