AM0,BM0,ent0,Cent0,Pfreq0,Ppeak0,skew0,kurt0,Hmob0,Hcomp0,AM1,BM1,ent1,Cent1,Pfreq1,Ppeak1,skew1,kurt1,Hmob1,Hcomp1,AM2,BM2,ent2,Cent2,Pfreq2,Ppeak2,skew2,kurt2,Hmob2,Hcomp2,AM3,BM3,ent3,Cent3,Pfreq3,Ppeak3,skew3,kurt3,Hmob3,Hcomp3,AM4,BM4,ent4,Cent4,Pfreq4,Ppeak4,skew4,kurt4,Hmob4,Hcomp4,AM5,BM5,ent5,Cent5,Pfreq5,Ppeak5,skew5,kurt5,Hmob5,Hcomp5,decTime,n_modes
0.004352754487906192,1.9299239048165673,4.441524998070694,12.000577635169048,0.0038598478095763587,12.0,8.98296241493941e-05,-1.49587841117294,0.15065041674974342,1.0001284395977148,0.004367769883778343,1.9456551207469417,4.332204313356029,20.00132409165769,0.003891310241486511,20.0,1.3787194965675364e-05,-1.4946512622854877,0.25068618234885093,1.0000619536709554,0.0006117490332822362,0.03867569656449628,3.607100868503698,12.034586893747761,7.735139307131095e-05,12.0,-0.0010356900187562126,-1.319100290552953,0.15053789053196667,1.0053186644816163,0.00012090371786258832,0.002914533248179151,1.7712101555273994,8.019314507249696,5.829059146273659e-06,1.3515151515151516,-1.661969073319219,193.68728138815473,0.05145406739244051,1.969274348995866,0.00012284677248707653,0.002245335716335021,2.593003690847941,32.04777746729779,4.490671431557966e-06,31.945454545454545,0.004191524884117487,4.706011900321593,0.4013364032696514,1.0200056905787536,0.0001615371292063916,0.0026772629731967703,2.811254106276949,59.9098362285062,5.354525946303184e-06,60.0,-0.0017942686654569483,-1.1968390194843561,0.7352373950435079,0.9998696596916206,19.118157625198364,6.0
