AM0,BM0,ent0,Cent0,Pfreq0,Ppeak0,skew0,kurt0,Hmob0,Hcomp0,AM1,BM1,ent1,Cent1,Pfreq1,Ppeak1,skew1,kurt1,Hmob1,Hcomp1,AM2,BM2,ent2,Cent2,Pfreq2,Ppeak2,skew2,kurt2,Hmob2,Hcomp2,AM3,BM3,ent3,Cent3,Pfreq3,Ppeak3,skew3,kurt3,Hmob3,Hcomp3,AM4,BM4,ent4,Cent4,Pfreq4,Ppeak4,skew4,kurt4,Hmob4,Hcomp4,decTime,n_modes
0.00790530634552812,6.363618034854113,4.432718740540372,12.000302967163364,0.012727236069577742,12.0,0.00010759262436498214,-1.497779154503971,0.15064653474331582,1.0000869873879306,0.004343402154038111,1.9242160758114109,4.2696805797972655,20.002260724169286,0.003848432151605854,20.0,-2.5467618156928177e-05,-1.4934885629708368,0.2506912255024821,1.0000723632841824,0.00013523190076120673,0.004532688603946266,1.4410617785634108,11.594887660275994,9.065370678969678e-06,5.7696969696969695,-2.6402386043385895,460.13709261003,0.06365240785890336,1.5580101544079086,0.00012850289075671064,0.002414864757540128,2.383495067695466,32.109046542864874,4.829729512512158e-06,29.581818181818182,0.0183682019872819,8.182487866258183,0.4000344225339157,1.0212048972518177,0.00016904003417608928,0.002929237558875468,3.0924841419012012,59.90495660857811,5.85847511754524e-06,60.0,-0.001140924229807332,-1.3473331619267057,0.7352652664504157,1.0000280502814691,69.27790093421936,5.0
