AM0,BM0,ent0,Cent0,Pfreq0,Ppeak0,skew0,kurt0,Hmob0,Hcomp0,AM1,BM1,ent1,Cent1,Pfreq1,Ppeak1,skew1,kurt1,Hmob1,Hcomp1,AM2,BM2,ent2,Cent2,Pfreq2,Ppeak2,skew2,kurt2,Hmob2,Hcomp2,AM3,BM3,ent3,Cent3,Pfreq3,Ppeak3,skew3,kurt3,Hmob3,Hcomp3,AM4,BM4,ent4,Cent4,Pfreq4,Ppeak4,skew4,kurt4,Hmob4,Hcomp4,AM5,BM5,ent5,Cent5,Pfreq5,Ppeak5,skew5,kurt5,Hmob5,Hcomp5,AM6,BM6,ent6,Cent6,Pfreq6,Ppeak6,skew6,kurt6,Hmob6,Hcomp6,AM7,BM7,ent7,Cent7,Pfreq7,Ppeak7,skew7,kurt7,Hmob7,Hcomp7,decTime,n_modes
8672.603567944388,9093441580263.604,4.352849913673662,0.01809141700951086,18186883160.52702,0.006060606060606061,-0.5972250150232404,-0.8012463439224997,0.0005394644721922619,48.53072587279968,86.68865938422175,995129699.778981,3.8370012881814097,10.412772983581094,1990259.399557962,10.145454545454545,0.006719096678585687,0.1605619880107021,0.13174469142162087,1.0377191812586044,465.55168578061694,28059705569.08052,4.071129872823202,1.050839203509751,56119411.138161056,0.8787878787878788,0.05192118082290718,-0.05239901840414518,0.014161062308812741,1.8411167741179106,211.51410096204665,5872065521.185435,3.986964850762649,3.0955272255507427,11744131.042370873,2.860606060606061,0.019238568353495973,0.06232414775136652,0.03978480780494162,1.1687228213340077,129.66402757196877,2123671486.8856308,4.051988167311671,6.167723779714253,4247342.973771261,5.951515151515151,5.742960550203577e-05,-0.23016228621136436,0.07846511311310987,1.0682172149143707,64.47182598035046,544266206.9092801,3.902570095503547,15.967385331531936,1088532.4138185603,15.618181818181819,0.00038389476093768723,0.08460107493596558,0.20143202569293445,1.0249144972917557,49.96743948066023,323040165.6658198,4.011989172573143,23.060472025238266,646080.3313316398,22.612121212121213,0.001056796049730534,-0.049651778368676514,0.2899875135077724,1.0183974516588465,36.3155949206071,169796589.8551032,3.7345749003544046,32.111905071138864,339593.1797102064,31.23030303030303,-0.0004146295123966388,-0.03401579946160416,0.40241965773452465,1.0175533697475745,346.1662881374359,8.0
