AM0,BM0,ent0,Cent0,Pfreq0,Ppeak0,skew0,kurt0,Hmob0,Hcomp0,AM1,BM1,ent1,Cent1,Pfreq1,Ppeak1,skew1,kurt1,Hmob1,Hcomp1,AM2,BM2,ent2,Cent2,Pfreq2,Ppeak2,skew2,kurt2,Hmob2,Hcomp2,AM3,BM3,ent3,Cent3,Pfreq3,Ppeak3,skew3,kurt3,Hmob3,Hcomp3,AM4,BM4,ent4,Cent4,Pfreq4,Ppeak4,skew4,kurt4,Hmob4,Hcomp4,AM5,BM5,ent5,Cent5,Pfreq5,Ppeak5,skew5,kurt5,Hmob5,Hcomp5,AM6,BM6,ent6,Cent6,Pfreq6,Ppeak6,skew6,kurt6,Hmob6,Hcomp6,AM7,BM7,ent7,Cent7,Pfreq7,Ppeak7,skew7,kurt7,Hmob7,Hcomp7,decTime,n_modes
0.5048452921297764,25976.846717273853,4.337758397802719,6.000212511561754,103.90738686897659,6.0,-5.589683112914039e-07,-1.4953637617519486,0.15065079386511496,1.000034461622855,0.6033119755251067,37188.28380124844,3.2072325335348273,10.000012039036868,148.75313520497838,10.0,1.5300478209145023e-06,-1.4959955669325171,0.2506684701891049,1.0000056355862335,0.5927815531597892,35860.65984044086,3.1153865852958496,30.000005622127546,143.4426393617632,30.0,-6.486987584680725e-08,-1.4998051939553982,0.7362541800649419,0.99999710846615,0.10218628219915465,1070.0080646708886,3.7819511241849804,6.0066732306163795,4.2800322585643995,6.0,-0.00016941078199561485,-1.4227227237805375,0.15056616714784118,1.000770167118209,0.029468260870449493,97.092178943525,2.771792692355997,6.110297475797682,0.38836871565056846,6.0,-0.005653482424024644,3.647981569148823,0.14938245289096921,1.008707096799864,0.03204281535414108,125.74068385621732,2.6563153615136694,9.996398874407998,0.50296273540942,10.0,-0.0002488206140756654,9.393276377529181,0.2505316703016222,1.0015480545615913,0.0004227694865486731,13.689261408425555,0.02481686073522336,8.917740268157681,0.054757032024869895,3.4484848484848483,-3.597318027044571,1885.5620218048466,0.05213112905879133,2.17842590562873,0.0004902870295792587,7.746074369656718,0.055403976855768616,13.80555573591195,0.030984297469682367,10.606060606060606,-0.04895369010978087,864.2155723285812,0.2876540317588369,0.9873775120522399,110.9271948337555,8.0
