AM0,BM0,ent0,Cent0,Pfreq0,Ppeak0,skew0,kurt0,Hmob0,Hcomp0,AM1,BM1,ent1,Cent1,Pfreq1,Ppeak1,skew1,kurt1,Hmob1,Hcomp1,AM2,BM2,ent2,Cent2,Pfreq2,Ppeak2,skew2,kurt2,Hmob2,Hcomp2,AM3,BM3,ent3,Cent3,Pfreq3,Ppeak3,skew3,kurt3,Hmob3,Hcomp3,AM4,BM4,ent4,Cent4,Pfreq4,Ppeak4,skew4,kurt4,Hmob4,Hcomp4,AM5,BM5,ent5,Cent5,Pfreq5,Ppeak5,skew5,kurt5,Hmob5,Hcomp5,AM6,BM6,ent6,Cent6,Pfreq6,Ppeak6,skew6,kurt6,Hmob6,Hcomp6,AM7,BM7,ent7,Cent7,Pfreq7,Ppeak7,skew7,kurt7,Hmob7,Hcomp7,decTime,n_modes
0.5048506385022908,25977.361329573192,4.344194304336341,6.000212804224681,103.90944531817529,6.0,-1.773932866586708e-06,-1.495363925631797,0.15065079102392107,1.000034482249455,0.603317200644987,37188.8615605774,3.219016185592414,10.000012006567335,148.75544624229445,10.0,1.1853498652770755e-06,-1.4959955942610907,0.25066846930747555,1.0000056364329344,0.5927816320201073,35860.65761103828,3.115535832786135,30.000005620741906,143.4426304441529,30.0,-6.680600038788464e-08,-1.4998051992983095,0.7362541800413809,0.9999971083752875,0.10218552009583999,1069.987227859836,3.7843220300276794,6.006683609724319,4.27994891132156,6.0,-0.00014252982951648465,-1.4227178441300006,0.1505660547190729,1.0007707113769597,0.02946470315504129,97.07616536915053,2.776203799713146,6.110586331959658,0.3883046613544814,6.0,-0.0051673804934883934,3.657159138661383,0.14937980953015498,1.0087160101704706,0.03203872620399193,125.71599814134026,2.656293365970755,9.996404050070254,0.5028639925500897,10.0,2.5964239417167563e-05,9.401661044860367,0.250532070898825,1.0015485391553793,0.0008219523002394872,13.691887668447976,0.024523817207336884,8.896686741264022,0.05476753698859127,0.0030303030303030303,-3.490482822579652,1878.9932333836734,0.05197187180318783,2.1874014897636007,0.0004975402868416238,7.741531084879333,0.05536570794214059,13.806451525240714,0.030966124330677268,10.60909090909091,-0.045461733219091374,864.5116088824096,0.2876671009575636,0.9873796390939464,108.64369511604309,8.0
