AM0,BM0,ent0,Cent0,Pfreq0,Ppeak0,skew0,kurt0,Hmob0,Hcomp0,AM1,BM1,ent1,Cent1,Pfreq1,Ppeak1,skew1,kurt1,Hmob1,Hcomp1,AM2,BM2,ent2,Cent2,Pfreq2,Ppeak2,skew2,kurt2,Hmob2,Hcomp2,AM3,BM3,ent3,Cent3,Pfreq3,Ppeak3,skew3,kurt3,Hmob3,Hcomp3,AM4,BM4,ent4,Cent4,Pfreq4,Ppeak4,skew4,kurt4,Hmob4,Hcomp4,AM5,BM5,ent5,Cent5,Pfreq5,Ppeak5,skew5,kurt5,Hmob5,Hcomp5,AM6,BM6,ent6,Cent6,Pfreq6,Ppeak6,skew6,kurt6,Hmob6,Hcomp6,AM7,BM7,ent7,Cent7,Pfreq7,Ppeak7,skew7,kurt7,Hmob7,Hcomp7,AM8,BM8,ent8,Cent8,Pfreq8,Ppeak8,skew8,kurt8,Hmob8,Hcomp8,decTime,n_modes
8.218653437222972,8900945.179143926,3.757486652526272,23.67717290994964,17801.85805198514,19.96969696969697,-0.0024355939421347988,0.4438354409928391,0.31216268423810556,1.1784658611883445,11.613810663260702,18449918.024624888,3.6517114491911493,11.514998840695785,36899.698981887006,9.175757575757576,-0.01090023029722419,0.8541958865519406,0.15564000835984942,1.277238142687637,16.464786224679504,37521518.06214625,3.6218391019343823,5.661066509992245,75036.2126783281,4.5636363636363635,-0.07414909020982911,1.2045348195356498,0.07728501371218599,1.322213400950447,26.49682581937412,100040159.04821739,3.6369482878737474,2.5359412967951735,200005.53360481313,1.8363636363636364,-0.25783224345735223,1.856966187829534,0.03566039265509885,1.414509212590764,38.77986260526697,200555039.81610858,4.139506523267454,1.2668747788939472,401099.9231421895,0.9575757575757575,0.041000080348413556,0.02516279927799525,0.016591285057759916,1.327392198826697,64.80952692436087,536425914.0831412,4.273552164249034,0.538784150852672,1072725.033285943,0.38181818181818183,0.0667578477475595,-0.32351301424466916,0.007102359978669181,1.3335842841150103,86.87366211129074,951500881.0191687,4.178642980846185,0.2324443534353014,1902250.500890076,0.18181818181818182,0.1537783842441038,-0.0812612692007817,0.003080053524753914,1.2761096306384379,176.8880879360879,5096956303.817138,4.1943930546824335,0.08044962689403055,10110725.412587175,0.07878787878787878,-0.5704075606937408,1.008455378067496,0.0010722719026193446,1.428216440619404,913.3273070756334,89778971565.57776,4.330343477142196,0.010694038243273151,179491369.50713852,0.006060606060606061,0.04095091653689594,-1.1996917911436642,0.00016796377397421317,2.6404772926033755,1.6445684432983398,9.0
