AM0,BM0,ent0,Cent0,Pfreq0,Ppeak0,skew0,kurt0,Hmob0,Hcomp0,AM1,BM1,ent1,Cent1,Pfreq1,Ppeak1,skew1,kurt1,Hmob1,Hcomp1,AM2,BM2,ent2,Cent2,Pfreq2,Ppeak2,skew2,kurt2,Hmob2,Hcomp2,AM3,BM3,ent3,Cent3,Pfreq3,Ppeak3,skew3,kurt3,Hmob3,Hcomp3,AM4,BM4,ent4,Cent4,Pfreq4,Ppeak4,skew4,kurt4,Hmob4,Hcomp4,AM5,BM5,ent5,Cent5,Pfreq5,Ppeak5,skew5,kurt5,Hmob5,Hcomp5,AM6,BM6,ent6,Cent6,Pfreq6,Ppeak6,skew6,kurt6,Hmob6,Hcomp6,AM7,BM7,ent7,Cent7,Pfreq7,Ppeak7,skew7,kurt7,Hmob7,Hcomp7,AM8,BM8,ent8,Cent8,Pfreq8,Ppeak8,skew8,kurt8,Hmob8,Hcomp8,decTime,n_modes
22.056183174517827,54235880.66178373,4.403200245733448,29.997170968876354,216943.52264493954,29.996969696969696,-3.1691811994832414e-05,-1.1046395713245243,0.7361919910463196,1.0000848369533302,25.72654437150995,83920281.39670359,4.266262974443526,8.916340859503388,335681.1130766927,9.996969696969696,-0.00027774666344112966,-0.31434919558451346,0.22814797871759068,1.059115773695031,9.570885355143336,10248131.498302104,3.9602199809422656,6.000543266582298,40992.52562384961,5.996969696969697,0.0027535007002580628,-1.0655888608647701,0.15072533125907794,1.0144427334496295,2.084223836562396,482408.7734770174,3.9845767116474926,2.017773078525223,1929.6308852890504,2.003030303030303,-3.2424778142585726e-05,-1.0427758639487807,0.05069791728191029,1.0207221018407011,0.1597183638707043,7626.031075637419,2.664591663759043,0.9178875491814034,30.50053546414398,0.9272727272727272,-0.05634947405737369,18.293869855459008,0.023774272875379827,1.2048739559967856,0.11914402100815875,3478.3534185979347,3.189896341234907,0.5361349311448482,13.913256751821427,0.47575757575757577,-0.054964687969370436,9.714648338988589,0.012403017414689119,1.1202302672858784,0.09360419786914437,2138.5095565291645,3.1116758448984116,0.30801749280774243,8.552144609036008,0.3181818181818182,-0.3385630910291519,7.848787131177035,0.007108381220360231,1.0696645126644662,0.06047552935438106,669.3539973793654,3.653628461482695,0.12616008254254368,2.6773830820058317,0.12424242424242424,-0.2331153418002779,3.3064046056267573,0.0033546437966011943,1.1215075621304094,0.07217500992866237,1305.6988558990051,3.182833513989136,0.16729044568866117,5.220359731870514,0.02727272727272727,3.3308862088969655,20.319733849641384,0.001468896505258583,1.099501624664223,0.34712696075439453,9.0
