AM0,BM0,ent0,Cent0,Pfreq0,Ppeak0,skew0,kurt0,Hmob0,Hcomp0,AM1,BM1,ent1,Cent1,Pfreq1,Ppeak1,skew1,kurt1,Hmob1,Hcomp1,AM2,BM2,ent2,Cent2,Pfreq2,Ppeak2,skew2,kurt2,Hmob2,Hcomp2,AM3,BM3,ent3,Cent3,Pfreq3,Ppeak3,skew3,kurt3,Hmob3,Hcomp3,AM4,BM4,ent4,Cent4,Pfreq4,Ppeak4,skew4,kurt4,Hmob4,Hcomp4,AM5,BM5,ent5,Cent5,Pfreq5,Ppeak5,skew5,kurt5,Hmob5,Hcomp5,AM6,BM6,ent6,Cent6,Pfreq6,Ppeak6,skew6,kurt6,Hmob6,Hcomp6,decTime,n_modes
0.00510201379436605,3.273165165594973,4.415585242018179,16.663392064025686,0.006546330284708074,20.0,-0.0003640173883018601,-0.6159701886714908,0.21625672944534713,1.1358691003278736,0.0014549869159658569,0.21874408089713746,3.543405337101685,12.019752216441507,0.00043748815753830465,12.0,-0.0020943109419487194,-1.3765888035060687,0.1504142672317737,1.015451994261938,0.0008282468919831115,0.07064383940604725,3.8876789045929705,4.029425746449135,0.0001412876674263385,4.0,-0.0002539408297728151,-1.4169805131439315,0.050514951717309735,1.0145863376301665,6.713675476711558e-05,0.0007091087074570044,2.9806525620324145,1.525537113507816,1.4182163656796298e-06,1.3515151515151516,0.21870141622672148,9.514796954502406,0.01839839865977805,1.1110132189025306,4.884015318260678e-05,0.00040280301486944023,3.0708636863909096,0.8317843900555553,8.055415818526536e-07,0.6060606060606061,0.5455589812242453,10.311481029263227,0.009530527672655872,1.080810286914614,3.7061018528613536e-05,0.0002157745882151223,3.4621330170128917,0.49738459829757764,4.312798136043959e-07,0.3515151515151515,0.2740139766848098,4.795912011344935,0.00526719883329573,1.0595359026556501,4.841236197189094e-05,0.0003925878515943539,3.430226635687642,0.33781028892339,7.844097865564016e-07,0.21212121212121213,-1.8203184786366966,12.92450416015201,0.0021026383877641185,1.2626320912870015,0.3195805549621582,7.0
