AM0,BM0,ent0,Cent0,Pfreq0,Ppeak0,skew0,kurt0,Hmob0,Hcomp0,AM1,BM1,ent1,Cent1,Pfreq1,Ppeak1,skew1,kurt1,Hmob1,Hcomp1,AM2,BM2,ent2,Cent2,Pfreq2,Ppeak2,skew2,kurt2,Hmob2,Hcomp2,AM3,BM3,ent3,Cent3,Pfreq3,Ppeak3,skew3,kurt3,Hmob3,Hcomp3,AM4,BM4,ent4,Cent4,Pfreq4,Ppeak4,skew4,kurt4,Hmob4,Hcomp4,AM5,BM5,ent5,Cent5,Pfreq5,Ppeak5,skew5,kurt5,Hmob5,Hcomp5,AM6,BM6,ent6,Cent6,Pfreq6,Ppeak6,skew6,kurt6,Hmob6,Hcomp6,AM7,BM7,ent7,Cent7,Pfreq7,Ppeak7,skew7,kurt7,Hmob7,Hcomp7,AM8,BM8,ent8,Cent8,Pfreq8,Ppeak8,skew8,kurt8,Hmob8,Hcomp8,decTime,n_modes
9.809580935445684,19535267.595297422,3.548699101061051,29.992378363881727,78141.0703772453,30.003030303030304,-0.0004397734289669945,3.810636979637728,0.7360393490138843,1.000190317173889,10.473688507157572,22147570.535227943,3.505530304855545,10.002017795468413,88590.28214091156,9.996969696969696,0.0013930217767285143,3.779444609269513,0.25090551263307875,1.005288062347906,10.148171252315409,20797814.881019875,3.54378831548555,6.007364980262643,83191.24838319718,5.996969696969697,0.004086451092143924,3.8116060463754193,0.15081081236097485,1.0147683072882525,0.41035236746936926,32609.49324174021,2.8600190916051056,2.4472882157349187,130.43531043066042,2.003030303030303,0.03215734126657647,7.253961985601244,0.06269547823575541,1.2455441544355614,0.15550520049837097,5845.59390562893,2.807310430083799,1.5845334780929587,23.381804075625784,1.5272727272727273,0.10368512027946498,10.396176187513873,0.039788508883252985,1.2280001982712037,0.1175846978091153,3723.101940380887,2.706845294917828,0.9610753639353203,14.892362860992753,0.8606060606060606,-0.19116548472687947,17.053773085952272,0.02392711006512951,1.2692955601114218,0.09771177778786921,2400.3516857647705,2.920647274357048,0.6253268142430775,9.60089126895075,0.5424242424242425,-0.261290840082737,10.579687101950995,0.01584579856691757,1.2113756575975296,0.08541913369453877,2251.8094028590544,2.7303206538200233,0.3174129349581174,9.004658739760089,0.18787878787878787,-0.34591069742713143,15.852142458492349,0.007940203809754251,1.2969524659366902,0.08793913489998158,3233.2667913672144,2.274014768268002,0.3744239088588291,12.932952003360029,0.14545454545454545,5.4226837387227125,76.6464914331973,0.003808468988768647,1.2390426562960404,2.184281826019287,9.0
