AM0,BM0,ent0,Cent0,Pfreq0,Ppeak0,skew0,kurt0,Hmob0,Hcomp0,AM1,BM1,ent1,Cent1,Pfreq1,Ppeak1,skew1,kurt1,Hmob1,Hcomp1,AM2,BM2,ent2,Cent2,Pfreq2,Ppeak2,skew2,kurt2,Hmob2,Hcomp2,AM3,BM3,ent3,Cent3,Pfreq3,Ppeak3,skew3,kurt3,Hmob3,Hcomp3,AM4,BM4,ent4,Cent4,Pfreq4,Ppeak4,skew4,kurt4,Hmob4,Hcomp4,AM5,BM5,ent5,Cent5,Pfreq5,Ppeak5,skew5,kurt5,Hmob5,Hcomp5,AM6,BM6,ent6,Cent6,Pfreq6,Ppeak6,skew6,kurt6,Hmob6,Hcomp6,AM7,BM7,ent7,Cent7,Pfreq7,Ppeak7,skew7,kurt7,Hmob7,Hcomp7,AM8,BM8,ent8,Cent8,Pfreq8,Ppeak8,skew8,kurt8,Hmob8,Hcomp8,decTime,n_modes
80.96382567181803,875149027.1011229,3.712925962984065,23.473451374835,1750297.8072841016,17.454545454545453,0.004680006676917582,0.5327971933367426,0.3103199460667824,1.1849678011979896,114.52342293512444,1814548634.46539,3.8452361630118634,11.510683889470547,3629079.4828965557,7.224242424242425,0.01207913307642368,0.7505578152792074,0.15578190761336275,1.2838612250037325,165.12426973317085,3871083206.1995416,3.7849478375802272,5.483808247254464,7742157.590063138,3.4484848484848483,0.01601849015553043,1.2698222140250346,0.07480868717693588,1.3272498431840898,253.30771181609865,9059529415.269405,3.7629979939267355,2.5432596230743925,18118905.426650442,1.8666666666666667,-0.05827374951604519,1.1417229278406609,0.0354038590970408,1.3931493451075532,376.5145676760218,20530162850.82697,3.951711067109402,1.1748169426963113,41037452.38658527,1.0787878787878789,-0.0006126353005502645,1.127819164469292,0.016190532754473096,1.36595852648714,571.017902597015,47057453194.37649,3.9524886081554116,0.5517291923802802,94021302.46440937,0.5878787878787879,-0.138756563816334,1.242948510220578,0.007426413481155858,1.3657761414198162,1044.197096478183,150748685643.63516,4.190733749835549,0.1955706989378762,301443468.37517154,0.07878787878787878,-0.12653556349594275,0.488678129207758,0.0027444333944116584,1.48365332951589,1380.7404575298115,278428381859.44324,4.135955253675975,0.09061703036628538,556846466.3884538,0.07878787878787878,-0.041348326065319234,0.9078046296122624,0.0011948444136449983,1.3516902657676098,8684.769276063385,8603897137761.288,4.32178094741314,0.012287600596842335,17207679935.516598,0.006060606060606061,-0.6535984836648282,-0.891479513427305,0.0001980362026924789,2.99517342188553,1.5054092407226562,9.0
