AM0,BM0,ent0,Cent0,Pfreq0,Ppeak0,skew0,kurt0,Hmob0,Hcomp0,AM1,BM1,ent1,Cent1,Pfreq1,Ppeak1,skew1,kurt1,Hmob1,Hcomp1,AM2,BM2,ent2,Cent2,Pfreq2,Ppeak2,skew2,kurt2,Hmob2,Hcomp2,AM3,BM3,ent3,Cent3,Pfreq3,Ppeak3,skew3,kurt3,Hmob3,Hcomp3,AM4,BM4,ent4,Cent4,Pfreq4,Ppeak4,skew4,kurt4,Hmob4,Hcomp4,AM5,BM5,ent5,Cent5,Pfreq5,Ppeak5,skew5,kurt5,Hmob5,Hcomp5,AM6,BM6,ent6,Cent6,Pfreq6,Ppeak6,skew6,kurt6,Hmob6,Hcomp6,AM7,BM7,ent7,Cent7,Pfreq7,Ppeak7,skew7,kurt7,Hmob7,Hcomp7,AM8,BM8,ent8,Cent8,Pfreq8,Ppeak8,skew8,kurt8,Hmob8,Hcomp8,decTime,n_modes
0.5934282353045682,35880.674052414135,3.7613348885416467,29.99631953920088,143.5226961790052,30.0,-2.312231474508998e-05,-1.499385556493503,0.7361934068119794,1.0000533079389855,0.7147864567272868,61815.63661037896,4.251306249066538,8.585197632419046,247.26254641397293,10.0,-9.265732263967829e-06,-0.719537720022922,0.22091284768293354,1.0772685095637822,0.1837806098845727,3464.295507796118,3.7007376726642325,6.01452622937728,13.857181995230759,6.0,-0.0006004837943601402,-1.4592496646362554,0.15079964531326245,1.0146709661540132,0.07117653487178763,515.5736325330378,4.149095837245038,2.0025216352707527,2.0622945298754054,2.0,-5.9259608228596364e-05,-1.4983881218085795,0.050287474130639914,1.0018808070008673,0.0007149792916345466,0.4692895409144665,1.183526881044811,0.1811404912512811,0.0018770347960385056,0.05454545454545454,-0.8700187805193319,20.052521322321518,0.006394191392001253,3.2257686746899417,0.0014747921631900766,1.0824849670976744,1.9483404848046382,0.12230038865011397,0.004314955341056224,0.04242424242424243,-0.7776953563760434,8.607267974726721,0.002666669637389645,2.424359329802257,0.0011519088875557811,0.5352638064927636,2.3230462015663167,0.08513731234356006,0.0021410067150119867,0.04242424242424243,0.5147839771393184,7.18003947920676,0.0014890785854261204,1.042988618651444,0.0003697229269018788,0.03914783474192426,2.8137471881696685,0.07263975305525738,0.0001565909647198537,0.03333333333333333,0.09224539368519578,3.303710820272146,0.0010516605420331233,0.8806796695768344,0.00035935680841781367,0.04671343465034108,2.5260898968626204,0.06220352749252696,0.0001737022945787132,0.021212121212121213,1.4664576094999828,5.671689794381972,0.0005314228396157787,0.7987861147279384,10.140784740447998,9.0
