AM0,BM0,ent0,Cent0,Pfreq0,Ppeak0,skew0,kurt0,Hmob0,Hcomp0,AM1,BM1,ent1,Cent1,Pfreq1,Ppeak1,skew1,kurt1,Hmob1,Hcomp1,AM2,BM2,ent2,Cent2,Pfreq2,Ppeak2,skew2,kurt2,Hmob2,Hcomp2,AM3,BM3,ent3,Cent3,Pfreq3,Ppeak3,skew3,kurt3,Hmob3,Hcomp3,AM4,BM4,ent4,Cent4,Pfreq4,Ppeak4,skew4,kurt4,Hmob4,Hcomp4,AM5,BM5,ent5,Cent5,Pfreq5,Ppeak5,skew5,kurt5,Hmob5,Hcomp5,AM6,BM6,ent6,Cent6,Pfreq6,Ppeak6,skew6,kurt6,Hmob6,Hcomp6,AM7,BM7,ent7,Cent7,Pfreq7,Ppeak7,skew7,kurt7,Hmob7,Hcomp7,AM8,BM8,ent8,Cent8,Pfreq8,Ppeak8,skew8,kurt8,Hmob8,Hcomp8,decTime,n_modes
0.5759626683104914,44364.984960714755,3.670552879426103,23.511435539469467,88.72597722442617,19.636363636363637,-0.008121141740057755,0.5569759217838466,0.30991122170314434,1.1793715051667324,0.7815202595064967,83439.51379227797,3.5328484516746004,11.493795143598401,166.8723110658501,8.16969696969697,-0.0432346427896215,1.0170465487256353,0.15484312999849068,1.2659974914843388,1.0914005386486798,167266.0307101634,3.822752281925472,5.848823533551092,334.53186835390557,3.6363636363636362,-0.001508864509660364,0.9420148021095365,0.08015962381569061,1.3252733209780168,1.5745327637337871,349972.2599735672,3.491799523246036,2.868458175336062,699.9370473313737,1.8727272727272728,-0.05848980613763677,2.34695449419013,0.03943422517870051,1.3595345050573355,2.389706650676466,833993.0952487508,3.792555305984886,1.4007509494118766,1667.292030892513,0.8666666666666667,-0.05392994824387507,1.497440586088894,0.01940248861478075,1.4176775648475275,3.328392134127122,1568872.9803926372,4.132113052933099,0.6798162666219901,3131.5016669577712,0.5696969696969697,0.049040804727612276,0.5105488865194228,0.009217282079498243,1.3196466198537131,6.100955492951928,5556194.266223968,4.0182077653837345,0.27740294374637453,11105.252116957712,0.22424242424242424,-0.21792533101111905,1.2887149642078777,0.00382578102922974,1.4195912496664198,8.51365402766046,10737646.014586998,4.270578271061456,0.09919923612687516,21446.94907922579,0.07878787878787878,-0.36443178736028164,0.525265405971751,0.0014031416746798833,1.545695503496241,63.393294257950195,426867313.38913006,4.285033488744875,0.01263758490228228,853691.7632701887,0.006060606060606061,-0.6510834904942817,-0.858414031281685,0.00022326904125670124,3.1868642955586264,1.982311487197876,9.0
