AM0,BM0,ent0,Cent0,Pfreq0,Ppeak0,skew0,kurt0,Hmob0,Hcomp0,AM1,BM1,ent1,Cent1,Pfreq1,Ppeak1,skew1,kurt1,Hmob1,Hcomp1,AM2,BM2,ent2,Cent2,Pfreq2,Ppeak2,skew2,kurt2,Hmob2,Hcomp2,AM3,BM3,ent3,Cent3,Pfreq3,Ppeak3,skew3,kurt3,Hmob3,Hcomp3,AM4,BM4,ent4,Cent4,Pfreq4,Ppeak4,skew4,kurt4,Hmob4,Hcomp4,AM5,BM5,ent5,Cent5,Pfreq5,Ppeak5,skew5,kurt5,Hmob5,Hcomp5,decTime,n_modes
0.004554077192397638,2.1839678192829806,3.7881358807207377,19.071094891333725,0.004367926204794047,20.0,0.012014049126580694,-1.2186092700956277,0.2424296539231123,1.0753485111999275,0.00635317347584063,4.140590510395959,4.341500266705738,12.012144064899887,0.008281178873092095,12.0,0.00022215664013426736,-1.4718684229926784,0.1508914294443271,1.0135229633406833,0.0003240720759174407,0.0114036940183572,3.924924485207438,4.021297193420239,2.2805708914606836e-05,4.0,-0.014582234054136334,-1.0844368339967987,0.05090996156753396,1.0575551895332456,7.91551389573301e-05,0.0009413414078818145,3.231647294522123,1.9398244454832325,1.8824847144333412e-06,1.7272727272727273,0.22227800576202825,5.093800242160201,0.02333653375872533,1.136862653297183,5.702085599771904e-05,0.0005755885179665807,3.1564485980067367,0.8884525506503091,1.1511738351833658e-06,0.7878787878787878,0.27044383587252047,10.184978278642632,0.0115231961864451,1.135101960208476,6.037870673354858e-05,0.0005896367764680116,3.4736275921144135,0.4798271670636846,1.1729658681227748e-06,0.15757575757575756,-1.3725467512890461,8.416283383945885,0.004371326642807325,1.41027393162844,0.26546454429626465,6.0
