AM0,BM0,ent0,Cent0,Pfreq0,Ppeak0,skew0,kurt0,Hmob0,Hcomp0,AM1,BM1,ent1,Cent1,Pfreq1,Ppeak1,skew1,kurt1,Hmob1,Hcomp1,AM2,BM2,ent2,Cent2,Pfreq2,Ppeak2,skew2,kurt2,Hmob2,Hcomp2,AM3,BM3,ent3,Cent3,Pfreq3,Ppeak3,skew3,kurt3,Hmob3,Hcomp3,AM4,BM4,ent4,Cent4,Pfreq4,Ppeak4,skew4,kurt4,Hmob4,Hcomp4,AM5,BM5,ent5,Cent5,Pfreq5,Ppeak5,skew5,kurt5,Hmob5,Hcomp5,AM6,BM6,ent6,Cent6,Pfreq6,Ppeak6,skew6,kurt6,Hmob6,Hcomp6,AM7,BM7,ent7,Cent7,Pfreq7,Ppeak7,skew7,kurt7,Hmob7,Hcomp7,AM8,BM8,ent8,Cent8,Pfreq8,Ppeak8,skew8,kurt8,Hmob8,Hcomp8,decTime,n_modes
0.00044163166476693096,0.024508129048019755,3.6560205327120294,80.067325095909,9.80324389805508e-05,80.0,-0.0018932594961603032,0.5997937772304742,1.6617385889243523,1.0559192548458158,0.00030953417366980747,0.014150197784008613,3.1476417447937552,36.61060519856011,5.6600560008525955e-05,30.0,0.0078034010357804825,2.275141948124806,0.921325116111325,1.200948984684983,0.0002331909659335126,0.007676352824750145,3.2306882035818347,24.878147383970248,3.0705396096701166e-05,30.0,-0.004650424948678499,2.079177360579246,0.6415613952844043,1.1491852260130635,0.0002658013567019088,0.010937716853205333,3.2616848843395347,10.776652491751014,4.3750867381969485e-05,10.0,0.050759057365168524,2.820319893459666,0.2852237709223604,1.278126391633171,0.0003209609243602756,0.014361980288096494,3.1464702711769097,6.591491598443405,5.7447606598480465e-05,6.0,-0.052433281879362255,1.956171478904058,0.17489175827969192,1.2330934755566905,0.00014760120071033206,0.003058333513519501,3.7759316595919965,4.1155055562295635,1.2233243989048506e-05,6.0,-0.007759219052316009,0.9070899889222317,0.10856993132180177,1.1778307590135044,7.544446037386939e-05,0.0007879737597345938,3.5606911425587158,2.0960046637657936,3.1518942209862014e-06,2.0,-0.03757894194601009,1.4339159896032108,0.05510772537379325,1.1783773702620481,5.763278933637938e-05,0.00047935223405859895,3.7122890797012245,1.0978203171422216,1.917220230288625e-06,1.0696969696969696,-0.061834458065245415,1.297496877092418,0.029069258941372713,1.192106198033866,5.800261411737612e-05,0.0004999793885390502,3.5211327117235385,0.36320549021657555,1.9964830569598592e-06,0.13636363636363635,0.7932506799793193,5.2795772054712895,0.011088727965706585,1.580600815468608,3.796922445297241,9
