AM0,BM0,ent0,Cent0,Pfreq0,Ppeak0,skew0,kurt0,Hmob0,Hcomp0,AM1,BM1,ent1,Cent1,Pfreq1,Ppeak1,skew1,kurt1,Hmob1,Hcomp1,AM2,BM2,ent2,Cent2,Pfreq2,Ppeak2,skew2,kurt2,Hmob2,Hcomp2,AM3,BM3,ent3,Cent3,Pfreq3,Ppeak3,skew3,kurt3,Hmob3,Hcomp3,AM4,BM4,ent4,Cent4,Pfreq4,Ppeak4,skew4,kurt4,Hmob4,Hcomp4,AM5,BM5,ent5,Cent5,Pfreq5,Ppeak5,skew5,kurt5,Hmob5,Hcomp5,AM6,BM6,ent6,Cent6,Pfreq6,Ppeak6,skew6,kurt6,Hmob6,Hcomp6,AM7,BM7,ent7,Cent7,Pfreq7,Ppeak7,skew7,kurt7,Hmob7,Hcomp7,AM8,BM8,ent8,Cent8,Pfreq8,Ppeak8,skew8,kurt8,Hmob8,Hcomp8
0.00042219166676349477,0.022049901170896273,3.2466327956290635,80.80234290129768,8.819949251076878e-05,80.0,0.004943416465007208,1.0485207994256278,1.6683757634275824,1.056232534227921,0.0002831906390941397,0.011798723362431481,3.1312849781264607,38.97951756586192,4.719487592240291e-05,30.0,-0.002683006991075523,2.892749044280416,0.9754792442397006,1.2061905491889915,0.0002347917811603492,0.0076405558040442125,3.585611237858414,27.328662646314154,3.0562136727284656e-05,30.0,0.0030802941782967636,1.193322860838979,0.6949318614588175,1.1230626700559592,0.00024983047948679856,0.009507962250144605,3.444664462713304,11.503849835798336,3.803178677947759e-05,10.0,-0.011999013073143555,2.1160746998650435,0.30973320380482233,1.3490961508193178,0.0003159177190916752,0.014209485252358264,3.359013972737601,7.023677820681441,5.683715325175251e-05,6.0,-0.03239774957595518,1.9275064089386476,0.1875384058276138,1.2503855481684774,0.0001910147545634365,0.005368013998092493,3.386794205475834,4.84162034715778,2.147175862309283e-05,6.0,-0.004654759048310825,2.063195394984719,0.12700398554120865,1.1461931455704577,8.038611850862491e-05,0.0008955479638660819,3.917538160860518,2.309231264830637,3.5820330924722907e-06,2.0787878787878786,0.0020874165837789145,0.5971440957561218,0.06117446571048968,1.220522765954324,5.510059888022568e-05,0.0004205636741329904,3.7850282146416165,1.2453727118173528,1.6821423074344201e-06,1.0727272727272728,-0.007217309902022093,0.8090597744095915,0.03274715187894811,1.175395860950999,6.243513670629905e-05,0.0005730123444242451,3.6793463903668076,0.4367630393333314,2.281866341565908e-06,0.15151515151515152,0.4911008758391605,2.4843260762765382,0.01272602022679099,1.437833215724886
