AM0,BM0,ent0,Cent0,Pfreq0,Ppeak0,skew0,kurt0,Hmob0,Hcomp0,AM1,BM1,ent1,Cent1,Pfreq1,Ppeak1,skew1,kurt1,Hmob1,Hcomp1,AM2,BM2,ent2,Cent2,Pfreq2,Ppeak2,skew2,kurt2,Hmob2,Hcomp2,AM3,BM3,ent3,Cent3,Pfreq3,Ppeak3,skew3,kurt3,Hmob3,Hcomp3,AM4,BM4,ent4,Cent4,Pfreq4,Ppeak4,skew4,kurt4,Hmob4,Hcomp4,AM5,BM5,ent5,Cent5,Pfreq5,Ppeak5,skew5,kurt5,Hmob5,Hcomp5,AM6,BM6,ent6,Cent6,Pfreq6,Ppeak6,skew6,kurt6,Hmob6,Hcomp6,AM7,BM7,ent7,Cent7,Pfreq7,Ppeak7,skew7,kurt7,Hmob7,Hcomp7,AM8,BM8,ent8,Cent8,Pfreq8,Ppeak8,skew8,kurt8,Hmob8,Hcomp8,decTime,n_modes
0.0004142190798701407,0.021562294083721595,3.141481138696989,80.16522106080963,8.624892439917914e-05,80.0,-0.0018260149442018553,1.4855662902547166,1.6620708393362986,1.0567264463761035,0.0002773673252214785,0.01086096639085752,3.428144969407054,37.54354432607303,4.3443819504502694e-05,30.0,-0.008959346203034589,1.3400738142714204,0.9420628247058737,1.1956631517992635,0.00022300949155114146,0.006838024869565146,3.297850035097486,26.053740179916428,2.7352065495422242e-05,30.0,-0.004766405708721973,1.5471361296291946,0.6676570187850269,1.1347484902283207,0.0002424329266584856,0.008641991367247007,3.4316419343140137,11.335856028168527,3.4567939630660195e-05,10.0,-0.014583474649578076,1.8311572049380285,0.3035411473746092,1.3294241519562078,0.00029037821335368,0.011447127709590844,3.6935688462989913,7.180629133852111,4.578815101776624e-05,6.0,-0.029856990131925464,0.8863244628110345,0.19094761765585633,1.2441249876150056,0.00018853824081511557,0.005115747551699382,3.090173009194734,5.176570764539947,2.046289386874093e-05,6.0,0.008976872002160454,2.6101179941745123,0.13501707875895178,1.1312704565362441,8.261356394134573e-05,0.0010153781716773736,3.0019503902303457,2.493028230255736,4.0614479211872056e-06,2.7363636363636363,0.04003582667467792,5.364346310653703,0.06609668477540583,1.2122110542630065,5.648605504839552e-05,0.0004792372552978351,3.3004452679878367,1.2380477134812726,1.916649571104637e-06,1.3818181818181818,-0.11676036119480897,3.3237443356340792,0.033053375631772276,1.235146212960014,5.4528142899493356e-05,0.0004269943561076366,3.5266555398816486,0.48919544652543234,1.7079769824025987e-06,0.32727272727272727,-0.07253023462249245,2.207176502973719,0.013745307123717056,1.4635820771185906,5.072081804275513,9
