AM0,BM0,ent0,Cent0,Pfreq0,Ppeak0,skew0,kurt0,Hmob0,Hcomp0,AM1,BM1,ent1,Cent1,Pfreq1,Ppeak1,skew1,kurt1,Hmob1,Hcomp1,AM2,BM2,ent2,Cent2,Pfreq2,Ppeak2,skew2,kurt2,Hmob2,Hcomp2,AM3,BM3,ent3,Cent3,Pfreq3,Ppeak3,skew3,kurt3,Hmob3,Hcomp3,AM4,BM4,ent4,Cent4,Pfreq4,Ppeak4,skew4,kurt4,Hmob4,Hcomp4,AM5,BM5,ent5,Cent5,Pfreq5,Ppeak5,skew5,kurt5,Hmob5,Hcomp5,AM6,BM6,ent6,Cent6,Pfreq6,Ppeak6,skew6,kurt6,Hmob6,Hcomp6,AM7,BM7,ent7,Cent7,Pfreq7,Ppeak7,skew7,kurt7,Hmob7,Hcomp7,AM8,BM8,ent8,Cent8,Pfreq8,Ppeak8,skew8,kurt8,Hmob8,Hcomp8
0.0004185463668213525,0.021440500231426685,3.531498682377423,80.70267432794074,8.57619995219892e-05,80.0,-0.0045349595883114845,0.44703419649333,1.6677817805774278,1.0560732383557272,0.00027948229270545705,0.0115361515549054,2.953337449189175,39.05452355473558,4.614458389577202e-05,30.0,-0.021273876333115768,3.5604634701883633,0.9772607503309761,1.2039688393236425,0.00024097318914396184,0.007888278428381867,3.389281096712602,27.107390074687558,3.155298875833263e-05,30.0,-0.00830560376881129,1.1779263004153648,0.6912043491455375,1.130566944117954,0.00023916149080787803,0.008578823938581018,3.515403899510492,11.679954730965955,3.4315158158734284e-05,10.0,0.0511483114365542,2.360060674254971,0.3138302997953242,1.3462430700266943,0.00030538463139901853,0.013116010639035752,3.483952994311479,7.337702626721556,5.2463722675363015e-05,6.0,-0.010475503351600588,1.664384221265525,0.19486991775613796,1.2344300072179681,0.00020136908248174335,0.005908880423462201,3.51047056900041,5.287000918616707,2.3635385604327918e-05,6.0,-0.026235006660017043,1.9584612663157248,0.13744148982992532,1.123564321002598,0.00010048869130769316,0.0016068972874038385,3.1567277938070366,3.02949886626778,6.427344436954508e-06,3.2818181818181817,0.05546474785955671,6.4420937532402345,0.08039528110282924,1.2021100092398498,6.330530842661443e-05,0.0005846730079118452,3.813342009875694,1.5773398430933157,2.3386099302309424e-06,1.6484848484848484,0.010070353180169017,1.3819569358058779,0.04215825447172631,1.2351758743765595,6.962121203625779e-05,0.0007117483949188899,3.7683965677403277,0.5563793136629192,2.8465348862632645e-06,0.3,0.09699343392646101,1.5375218663297785,0.016608781232560037,1.4982809769230565
