AM0,BM0,ent0,pow0,Cent0,Ppeak0,Pfreq0,skew0,kurt0,Hmob0,Hcomp0,AM1,BM1,ent1,pow1,Cent1,Ppeak1,Pfreq1,skew1,kurt1,Hmob1,Hcomp1,AM2,BM2,ent2,pow2,Cent2,Ppeak2,Pfreq2,skew2,kurt2,Hmob2,Hcomp2,AM3,BM3,ent3,pow3,Cent3,Ppeak3,Pfreq3,skew3,kurt3,Hmob3,Hcomp3,AM4,BM4,ent4,pow4,Cent4,Ppeak4,Pfreq4,skew4,kurt4,Hmob4,Hcomp4,AM5,BM5,ent5,pow5,Cent5,Ppeak5,Pfreq5,skew5,kurt5,Hmob5,Hcomp5,AM6,BM6,ent6,pow6,Cent6,Ppeak6,Pfreq6,skew6,kurt6,Hmob6,Hcomp6,AM7,BM7,ent7,pow7,Cent7,Ppeak7,Pfreq7,skew7,kurt7,Hmob7,Hcomp7,AM8,BM8,ent8,pow8,Cent8,Ppeak8,Pfreq8,skew8,kurt8,Hmob8,Hcomp8
25937069.563927114,1820041214.9143736,7.454923327444247,7.5012133688394e-05,80.40009734566502,0.16141492910018934,80.078125,0.0033417545938151665,1.551030923525742,1.663055835808203,1.0594776426018344,12203009.301871886,854042605.0287588,6.956566969943436,7.046439999237624e-05,36.2887846142569,0.16482664908847025,30.029296875,0.007414724386969677,8.235336083847542,0.9140188602301863,1.2122905965584883,7641127.539946772,637477505.7331918,6.311950273605388,8.184221601808514e-05,27.06168414443072,0.17572434581268936,30.029296875,0.023358798847375184,5.411541373310381,0.6877305101470123,1.1179837831831694,5239521.741295555,284524475.82183856,5.752873460444368,9.305242430262474e-05,12.068606291366958,0.18050485039068312,10.009765625,0.00023371661689110907,2.168520282365046,0.32564131202153035,1.3411733478986578,2411244.2671865686,173913855.6418537,4.792198041300211,0.0001324813716360621,7.389144712364493,0.15140457957098555,6.103515625,-0.0037277790882841496,1.032041456658602,0.19665871164739576,1.2357191526794475,2176218.782484108,120622917.56175591,4.294878956457179,0.00015003234468329772,5.116321802641499,0.16877683233118995,6.103515625,-0.01593231202776863,1.197218233222653,0.1332739366322272,1.1246663920687012,3195844.9461341007,59937677.9993958,3.867434456319425,0.00015690413148664425,2.550600116912215,0.11241852473756593,2.44140625,0.02467139381497292,1.3902472145849973,0.06751001920980813,1.2048415320152437,2690004.642474395,31169831.199952744,3.0356294363096668,0.0002790297962660076,1.3272760382861877,0.2016003404597894,1.220703125,0.0315581178746421,2.0228833812721847,0.03525921923620185,1.2185964013421053,3132718.342097067,10334982.20734842,2.276241109306782,0.0004641711313233869,0.5249249969051732,0.30961840908960714,0.48828125,0.057027290036261745,1.8098429535817742,0.01331554134560751,1.5729228724802105
