AM0,BM0,ent0,pow0,Cent0,Ppeak0,Pfreq0,skew0,kurt0,Hmob0,Hcomp0,AM1,BM1,ent1,pow1,Cent1,Ppeak1,Pfreq1,skew1,kurt1,Hmob1,Hcomp1,AM2,BM2,ent2,pow2,Cent2,Ppeak2,Pfreq2,skew2,kurt2,Hmob2,Hcomp2,AM3,BM3,ent3,pow3,Cent3,Ppeak3,Pfreq3,skew3,kurt3,Hmob3,Hcomp3,AM4,BM4,ent4,pow4,Cent4,Ppeak4,Pfreq4,skew4,kurt4,Hmob4,Hcomp4
1682452.5277275806,28112835.766188435,4.935592763061643,9.902638721213349e-05,4.368594555815267,0.11299915740238216,0.244140625,-0.20449617024065633,0.338063031255289,0.12181781386650795,2.2479860357756416,11189644.42334014,639876732.5037303,5.374293013624582,0.00018713939599267733,27.15202602364602,0.2790581277276284,30.029296875,-0.01192291110968423,1.6857921948272034,0.6844349668500176,1.0750100951334935,24001649.780068517,1233062991.9567575,6.931461646263699,1.8732378449473832e-05,52.316238696783785,0.01548285911483883,51.7578125,-0.002115213618578954,2.066708370985779,1.2266505679454658,1.0283997354201553,13143251.21342282,1893156208.1458642,5.159214973694138,0.0002191160435633136,80.36061105772278,0.2773121857808882,80.078125,-0.004357073917167301,1.8141991583280985,1.690948100944413,1.0037879583362606,26971335.06323447,2530663921.657482,6.9786194457943935,1.6612945399523826e-05,111.19705225534831,0.011745355512378671,109.619140625,-0.0014919679765728008,2.379048532974581,1.960120336680196,1.0009599290272582
