AM0,BM0,ent0,Cent0,Pfreq0,Ppeak0,skew0,kurt0,Hmob0,Hcomp0,AM1,BM1,ent1,Cent1,Pfreq1,Ppeak1,skew1,kurt1,Hmob1,Hcomp1,AM2,BM2,ent2,Cent2,Pfreq2,Ppeak2,skew2,kurt2,Hmob2,Hcomp2,AM3,BM3,ent3,Cent3,Pfreq3,Ppeak3,skew3,kurt3,Hmob3,Hcomp3,AM4,BM4,ent4,Cent4,Pfreq4,Ppeak4,skew4,kurt4,Hmob4,Hcomp4
0.0007681108718897933,0.07713272124502855,3.815184010869129,3.6052456583472012,0.0002763339189482013,6.0,-0.0668587290836185,0.13797208500268887,0.13531431326561363,2.0717247567220385,0.00036292278363998743,0.01802081790041978,3.3780105804020275,28.241182125495534,7.207957448998987e-05,30.0,-0.008832099460847172,0.9680489050213015,0.705953195404642,1.0600494067646482,0.0002149022622781704,0.006284944286143667,3.5891122674515126,53.38210928714694,2.513948837676938e-05,52.64242424242424,0.0013023319638897325,0.7900719570817332,1.2465452605884644,1.0260531793330763,0.00031873962374830335,0.014660098659876383,3.3915120618953987,80.34089574407118,5.864033819513681e-05,80.0,-0.028755492806891908,1.7444401079842935,1.6911531063721992,1.003040991282616,0.0002037454564347355,0.0059226931191327945,3.31188133297373,111.2222653960317,2.3690757104586013e-05,116.92424242424242,-0.0009434860914200033,1.6817874526407524,1.960522069271857,1.0008782654199888
