AM0,BM0,ent0,Cent0,Pfreq0,Ppeak0,skew0,kurt0,Hmob0,Hcomp0,AM1,BM1,ent1,Cent1,Pfreq1,Ppeak1,skew1,kurt1,Hmob1,Hcomp1,AM2,BM2,ent2,Cent2,Pfreq2,Ppeak2,skew2,kurt2,Hmob2,Hcomp2,AM3,BM3,ent3,Cent3,Pfreq3,Ppeak3,skew3,kurt3,Hmob3,Hcomp3,decTime,n_modes
0.0016445731714731285,0.28149905499244143,3.958706575012752,3.10078962735203,0.0002655359349038974,0.0030303030303030303,0.06314451827352567,0.039535348171698015,0.12763469369221123,3.0606718244381943,0.00039426852888486903,0.021759860886036687,3.0125168459017053,30.3693760852802,8.703944354414678e-05,30.0,-0.008797224523781318,1.8245978247971664,0.7647548523285629,1.1214525484833284,0.00033116615700713216,0.015769392393927145,2.8507987018447647,77.2430892060033,6.307756957570858e-05,80.0,0.014841123775548554,2.5889662825716666,1.6469950909068583,1.0101145754502425,0.00021303296336099657,0.006472916744271346,3.314120832868389,105.76859233886438,2.5891666977085385e-05,107.15151515151516,0.0003497288375276036,1.8202902895152393,1.9311662610298466,1.002184467787078,33.32746863365173,4
