AM0,BM0,ent0,Cent0,Pfreq0,Ppeak0,skew0,kurt0,Hmob0,Hcomp0,AM1,BM1,ent1,Cent1,Pfreq1,Ppeak1,skew1,kurt1,Hmob1,Hcomp1,AM2,BM2,ent2,Cent2,Pfreq2,Ppeak2,skew2,kurt2,Hmob2,Hcomp2,AM3,BM3,ent3,Cent3,Pfreq3,Ppeak3,skew3,kurt3,Hmob3,Hcomp3,AM4,BM4,ent4,Cent4,Pfreq4,Ppeak4,skew4,kurt4,Hmob4,Hcomp4
0.0012532492530152168,0.17765481236577726,3.918271099583618,3.1890827313772045,0.0002441496692245658,6.0,-0.01849545103309635,0.08168997622242458,0.12206585803565519,2.2170918891672504,0.0003657247815498277,0.0180423016521668,3.5198082036683354,27.03647822365222,7.216903972172819e-05,30.0,-0.006350770618139967,0.5702157660712843,0.6816959475894282,1.075593354957225,0.00021242311224511763,0.006158359349964561,3.274805153598122,52.112778199506074,2.463342533357002e-05,10.0,-0.0008360683213838824,0.9761306221263841,1.2223541654887395,1.0278439602340508,0.00030722854896620316,0.01350747448370011,3.2558783907130304,80.1776094107679,5.402989577412916e-05,80.0,0.0071854024478594436,1.8317406942320948,1.6890479606752038,1.0031230551876495,0.00019462073093369663,0.005338895186694122,3.1928050601599853,110.86818571457859,2.1355580155575722e-05,116.03939393939395,-0.00039659967266318007,1.524561177537584,1.9591859238241291,1.0009334777544314
