AM0,BM0,ent0,Cent0,Pfreq0,Ppeak0,skew0,kurt0,Hmob0,Hcomp0,AM1,BM1,ent1,Cent1,Pfreq1,Ppeak1,skew1,kurt1,Hmob1,Hcomp1,AM2,BM2,ent2,Cent2,Pfreq2,Ppeak2,skew2,kurt2,Hmob2,Hcomp2,AM3,BM3,ent3,Cent3,Pfreq3,Ppeak3,skew3,kurt3,Hmob3,Hcomp3,AM4,BM4,ent4,Cent4,Pfreq4,Ppeak4,skew4,kurt4,Hmob4,Hcomp4,decTime,n_modes
0.0006949668507387202,0.06262592333907627,3.8465009193853588,2.732445593150248,0.00024752895617803015,6.0,-0.14090950238437508,0.08962370905166983,0.11293290330958652,2.40389370500103,0.00035487805219290114,0.01708256661000886,3.3956743801364144,26.874198463624968,6.833026644003542e-05,30.0,-0.00951503539307808,0.8087024283833442,0.679225510323031,1.0796122477393193,0.00020371897676113072,0.005705149883298064,3.4448281345799145,51.91430660607258,2.282059953319225e-05,10.0,-0.0024557896103602015,0.9417938373183383,1.2189268646626172,1.030365503646407,0.0003000667770075697,0.012645260736482656,3.3906131580714587,80.20623661138328,5.058104294593063e-05,80.0,3.9850668990946014e-05,1.3020989289496852,1.6892157140986717,1.003460474348146,0.00019443671568508504,0.005392031813494895,3.1897412321741463,108.86704855201162,2.1568127253979578e-05,105.18787878787879,0.0007469647178831915,1.9343078596815957,1.9499591131886926,1.001024292488123,1.3489484786987305,5
