AM0,BM0,ent0,Cent0,Pfreq0,Ppeak0,skew0,kurt0,Hmob0,Hcomp0,AM1,BM1,ent1,Cent1,Pfreq1,Ppeak1,skew1,kurt1,Hmob1,Hcomp1,AM2,BM2,ent2,Cent2,Pfreq2,Ppeak2,skew2,kurt2,Hmob2,Hcomp2,AM3,BM3,ent3,Cent3,Pfreq3,Ppeak3,skew3,kurt3,Hmob3,Hcomp3,AM4,BM4,ent4,Cent4,Pfreq4,Ppeak4,skew4,kurt4,Hmob4,Hcomp4
9.831001312336806e-05,0.0014606360727572399,3.134833596197409,4.242380772939503,5.842458451707808e-06,6.0,0.22925210734060394,3.413453104270361,0.1899102593243224,5.283746087386719,0.00037732392169415556,0.019728028680159212,3.5384127381489967,8.773140097169597,7.891211472063683e-05,10.0,0.011534602828224912,1.2751269546826398,0.23446591186326624,1.729053444553851,0.00030380102168092737,0.013131500376833773,3.1768405781590614,32.24927212878424,5.252600150733509e-05,30.0,-0.006474677360341061,2.201491681867294,0.7979125686173142,1.0785734062556316,0.0002998945518480988,0.0130559621861907,3.2972374298004627,78.69217661727546,5.2223848744762803e-05,80.0,-0.009955060283152408,1.8524150340311119,1.6678057983531205,1.0066834904614312,0.00017862088322977553,0.00484976786412596,2.949691448200633,113.85175439025328,1.9399071456503842e-05,113.26060606060607,-5.892604745721084e-05,3.2447931905635787,1.9702254643088977,1.0010945822184898
