AM0,BM0,ent0,Cent0,Pfreq0,Ppeak0,skew0,kurt0,Hmob0,Hcomp0,AM1,BM1,ent1,Cent1,Pfreq1,Ppeak1,skew1,kurt1,Hmob1,Hcomp1,AM2,BM2,ent2,Cent2,Pfreq2,Ppeak2,skew2,kurt2,Hmob2,Hcomp2,AM3,BM3,ent3,Cent3,Pfreq3,Ppeak3,skew3,kurt3,Hmob3,Hcomp3,AM4,BM4,ent4,Cent4,Pfreq4,Ppeak4,skew4,kurt4,Hmob4,Hcomp4,decTime,n_modes
0.00033342558449726833,0.015325715906430422,3.44916580934078,7.217193046658185,6.130282293303262e-05,6.0,0.08491454737449775,1.1972160382362071,0.1927758031099575,1.3790502553237285,0.00029955303124874934,0.01228748723833756,3.1921836652535247,28.3359625156342,4.9149948953350246e-05,30.0,0.023048837358685206,1.225741013703093,0.7090478939174084,1.0537124865592293,0.00015328544163857995,0.0034490470969365072,2.788413923938629,53.30080282760042,1.3796188387746027e-05,10.0,0.014067275991606523,2.762017690354428,1.2458105811311326,1.0276532240241432,0.00028213435497444374,0.011887817360755037,2.884557384228133,80.32753001749319,4.755126944302016e-05,80.0,-0.04738602650401698,4.1856047991047625,1.6914229055689605,1.0024150693809322,0.0001676849807447549,0.004179872017328388,2.9656777488375443,108.85827837465635,1.671948806931355e-05,104.61818181818182,0.0012728719843365815,2.8340026954990076,1.9501012773171358,1.0009605465102627,1.6426596641540527,5
