AM0,BM0,ent0,pow0,Cent0,Ppeak0,Pfreq0,skew0,kurt0,Hmob0,Hcomp0,AM1,BM1,ent1,pow1,Cent1,Ppeak1,Pfreq1,skew1,kurt1,Hmob1,Hcomp1,AM2,BM2,ent2,pow2,Cent2,Ppeak2,Pfreq2,skew2,kurt2,Hmob2,Hcomp2,AM3,BM3,ent3,pow3,Cent3,Ppeak3,Pfreq3,skew3,kurt3,Hmob3,Hcomp3,AM4,BM4,ent4,pow4,Cent4,Ppeak4,Pfreq4,skew4,kurt4,Hmob4,Hcomp4
5574859.233121845,171837658.50698936,3.809785604796003,0.00028177535293631896,7.322406798751749,0.24068854851611457,6.103515625,-0.06593754412615718,1.1969261160521176,0.19527505188173325,1.3892800119859654,9441276.472086476,682183696.1638954,3.9617708257806044,0.00042956249448531053,28.928598294292392,0.43088051043116177,30.029296875,-0.00355761443983221,5.855394490180172,0.7196762965573917,1.0388245564232768,32201218.61005606,1265606737.7733576,6.909060559349469,1.8949993192406757e-05,53.704516034608865,0.014622306285999214,53.7109375,-0.016118047786921327,3.582580464276484,1.2534931147140338,1.0265479828060207,11844412.611381833,1893527260.9209685,4.543031693331298,0.00031099249980380344,80.3547996650248,0.3329539674977119,80.078125,0.027491207195197962,2.760693323881031,1.6915663390781484,1.002744606586578,29934493.75865095,2535894137.2531123,6.975298314003095,1.661822877760794e-05,110.77414622920763,0.012035172576887982,108.3984375,-0.0016029409255329244,4.390176364951843,1.9585723341403456,1.0009153989142867
