AM0,BM0,ent0,Cent0,Pfreq0,Ppeak0,skew0,kurt0,Hmob0,Hcomp0,AM1,BM1,ent1,Cent1,Pfreq1,Ppeak1,skew1,kurt1,Hmob1,Hcomp1,AM2,BM2,ent2,Cent2,Pfreq2,Ppeak2,skew2,kurt2,Hmob2,Hcomp2,AM3,BM3,ent3,Cent3,Pfreq3,Ppeak3,skew3,kurt3,Hmob3,Hcomp3,AM4,BM4,ent4,Cent4,Pfreq4,Ppeak4,skew4,kurt4,Hmob4,Hcomp4
0.00035540666351864775,0.01757131455103739,3.399274028721318,7.373444683206258,7.028478356475605e-05,6.0,0.13485112092769888,1.4679511761157462,0.1968462543804418,1.3647100660612563,0.0003167147050179823,0.01441179513410468,3.300957814403944,28.36303067263533,5.7647180536418726e-05,30.0,-0.004727942089023606,1.9204418332925703,0.709846119334991,1.0542455118175202,0.00016540922795254672,0.004091008067056529,3.080763512469932,54.012918460011264,1.636403226822612e-05,10.0,0.018863655161969438,2.493012226134783,1.259522651830629,1.0266290501385513,0.00029936218843087064,0.013680441837726447,2.9688006570612075,80.38213748768223,5.472176735090579e-05,80.0,0.04493887794414546,3.5518440739706136,1.692105780577095,1.0024692349838094,0.00017742733048985924,0.00478641901746058,3.174207160493969,110.9053272479416,1.9145676069842325e-05,117.9939393939394,-3.780435784356276e-05,2.604875942147597,1.9590538793326087,1.0009255770065053
