AM0,BM0,ent0,Cent0,Pfreq0,Ppeak0,skew0,kurt0,Hmob0,Hcomp0,AM1,BM1,ent1,Cent1,Pfreq1,Ppeak1,skew1,kurt1,Hmob1,Hcomp1,AM2,BM2,ent2,Cent2,Pfreq2,Ppeak2,skew2,kurt2,Hmob2,Hcomp2,AM3,BM3,ent3,Cent3,Pfreq3,Ppeak3,skew3,kurt3,Hmob3,Hcomp3,decTime,n_modes
0.0003614277127799492,0.018594022106616134,3.235376971643756,7.550881017413002,7.437422870150949e-05,6.0,0.08447744021283979,2.119467885115677,0.204788179901447,1.8268708737399704,0.0003341062896659707,0.016430381696223455,3.1523444550649824,30.79539527881114,6.572152678489383e-05,30.0,0.010166325483449621,2.570698481367331,0.7701695660301752,1.0985661988199347,0.0003158708016711904,0.014907325106034446,3.3064670299198715,78.04215831943556,5.962930042413778e-05,80.0,-0.001155954866745448,2.226771903714285,1.6591440605908447,1.0070149583173393,0.00018536660843403475,0.005147468681263409,3.1974021688156595,105.44529831536967,2.058987472505364e-05,100.01818181818182,-0.00018084462365663452,2.2892068509013948,1.9286459731782375,1.0022287234149694,5.512176036834717,4
