AM0,BM0,ent0,Cent0,Pfreq0,Ppeak0,skew0,kurt0,Hmob0,Hcomp0,AM1,BM1,ent1,Cent1,Pfreq1,Ppeak1,skew1,kurt1,Hmob1,Hcomp1,AM2,BM2,ent2,Cent2,Pfreq2,Ppeak2,skew2,kurt2,Hmob2,Hcomp2,AM3,BM3,ent3,Cent3,Pfreq3,Ppeak3,skew3,kurt3,Hmob3,Hcomp3,AM4,BM4,ent4,Cent4,Pfreq4,Ppeak4,skew4,kurt4,Hmob4,Hcomp4,AM5,BM5,ent5,Cent5,Pfreq5,Ppeak5,skew5,kurt5,Hmob5,Hcomp5,AM6,BM6,ent6,Cent6,Pfreq6,Ppeak6,skew6,kurt6,Hmob6,Hcomp6,AM7,BM7,ent7,Cent7,Pfreq7,Ppeak7,skew7,kurt7,Hmob7,Hcomp7,decTime,n_modes
0.0016196591159932134,0.2560618516029383,4.104229023240783,0.48962163685062776,0.0001639333010088753,0.0030303030303030303,0.0012661442214495415,-0.09837749707973664,0.027389613826667564,8.560750277824068,0.0003803303611995934,0.019406745218798933,3.6717899542580046,8.890167332073966,7.76269804230109e-05,10.0,-0.0019038913090077686,0.48300523243231064,0.22995354401030113,1.1330902196277648,0.0002973706447105969,0.012340774611667637,3.3110118726968483,29.772128060197154,4.9363098443078716e-05,30.0,-0.0008611157206080203,1.5763465003699357,0.7321040644645999,1.0069639985893641,0.00013662662272080772,0.0025462863117828157,3.540954638828126,44.04689328400698,1.0185145246382923e-05,43.6,0.0004103633577485327,0.8340199657098686,1.0530166387184166,1.0097226905617604,0.0001256656627187641,0.002183123063088507,3.2152683402324365,61.46995295307106,8.732492252156719e-06,60.17575757575757,0.00022755727071409776,1.2729574975907436,1.3959004834704287,1.004347449803324,0.00026805920207071505,0.009955099769242326,3.2105547326122585,79.95647815830114,3.982039907690027e-05,80.0,0.00524653162379599,1.9368326564058265,1.6878623216230482,1.0003558666492194,0.00011290991840672444,0.0017966965171729572,3.4019113756889463,95.96965032132306,7.186786068658528e-06,97.55151515151515,0.00037033090207644787,1.3514127056887606,1.866703493391188,1.0006404657918628,0.00011222615810653547,0.0017822103033546177,3.575136811715681,114.74545984284106,7.128841213402182e-06,115.16363636363636,0.00012992505245356734,1.3617669056560011,1.981323464324816,1.0001054385883676,32.19997525215149,8
