AM0,BM0,ent0,Cent0,Pfreq0,Ppeak0,skew0,kurt0,Hmob0,Hcomp0,AM1,BM1,ent1,Cent1,Pfreq1,Ppeak1,skew1,kurt1,Hmob1,Hcomp1,AM2,BM2,ent2,Cent2,Pfreq2,Ppeak2,skew2,kurt2,Hmob2,Hcomp2,AM3,BM3,ent3,Cent3,Pfreq3,Ppeak3,skew3,kurt3,Hmob3,Hcomp3,AM4,BM4,ent4,Cent4,Pfreq4,Ppeak4,skew4,kurt4,Hmob4,Hcomp4,AM5,BM5,ent5,Cent5,Pfreq5,Ppeak5,skew5,kurt5,Hmob5,Hcomp5,AM6,BM6,ent6,Cent6,Pfreq6,Ppeak6,skew6,kurt6,Hmob6,Hcomp6,AM7,BM7,ent7,Cent7,Pfreq7,Ppeak7,skew7,kurt7,Hmob7,Hcomp7,AM8,BM8,ent8,Cent8,Pfreq8,Ppeak8,skew8,kurt8,Hmob8,Hcomp8,decTime,n_modes
0.672676404888413,43089.12588126574,2.846165420219476,77.09962496675276,172.3565035247819,80.0,5.9479412336122975e-06,-1.7522385199472812,1.6538125568919049,1.0203238801011096,0.6057743840220479,37834.96382632769,3.8219097824062187,30.0181151792538,151.3398552962348,30.0,1.6830738733542156e-05,-1.4874962619304248,0.7369221959853373,1.0030164894518283,0.802419670230159,72236.61370198711,4.1729285833116,9.187074819513033,288.9464548042482,10.0,1.055301500957834e-05,-1.0060982254452395,0.23394954559893896,1.044096537333961,0.26089403122666605,6978.8156268382445,3.3792031116230965,6.037481708808677,27.91526247572532,6.0,-0.00018340973424742,-1.41356265892343,0.15074315351367723,1.0136996503277753,0.04628761772207039,219.2732852899394,3.240308492294778,2.064080889006061,0.8770931402888742,2.0,-0.0009360187000546706,-1.3463684904396265,0.050347652098456555,1.0040384588947249,0.003436059826653593,10.802993176467192,1.1104382854585775,0.24916912592342316,0.04321064177609271,0.05454545454545454,-0.5664302217420731,15.577854158113755,0.007312474024048729,2.4420017533280616,0.007954627534149866,25.650844739316735,2.131378754943539,0.11843528641674754,0.10214853811454865,0.03636363636363636,-0.39850318277934527,5.016086359357828,0.002628870446034712,2.0346051802664036,0.006841427395329634,13.698914339299664,2.7768375753673453,0.09044480058140936,0.054761104595089996,0.03939393939393939,0.22723983201388676,2.824940081744546,0.0015669558739870183,1.0351944572958371,0.003123776720983765,2.5684358443783917,2.9118485810968044,0.05803314901523372,0.010071331392499277,0.02727272727272727,1.2977296245789938,2.9664540315601036,0.0009390945101776621,0.9925534144260569,8.433233261108398,9
