AM0,BM0,ent0,pow0,Cent0,Ppeak0,Pfreq0,skew0,kurt0,Hmob0,Hcomp0,AM1,BM1,ent1,pow1,Cent1,Ppeak1,Pfreq1,skew1,kurt1,Hmob1,Hcomp1,AM2,BM2,ent2,pow2,Cent2,Ppeak2,Pfreq2,skew2,kurt2,Hmob2,Hcomp2,AM3,BM3,ent3,pow3,Cent3,Ppeak3,Pfreq3,skew3,kurt3,Hmob3,Hcomp3,AM4,BM4,ent4,pow4,Cent4,Ppeak4,Pfreq4,skew4,kurt4,Hmob4,Hcomp4,AM5,BM5,ent5,pow5,Cent5,Ppeak5,Pfreq5,skew5,kurt5,Hmob5,Hcomp5,AM6,BM6,ent6,pow6,Cent6,Ppeak6,Pfreq6,skew6,kurt6,Hmob6,Hcomp6,AM7,BM7,ent7,pow7,Cent7,Ppeak7,Pfreq7,skew7,kurt7,Hmob7,Hcomp7,AM8,BM8,ent8,pow8,Cent8,Ppeak8,Pfreq8,skew8,kurt8,Hmob8,Hcomp8
15447.574921076884,1846631615.3263202,1.5247041827594177,0.0008465737925670848,77.09966142590658,0.5587459803858362,80.078125,5.947941233614151e-06,-1.7522385199472816,1.6538125568919047,1.0203238801011099,1161.5831551480771,707353284.718093,1.2802920368331105,0.0009604084445941958,30.01821038299856,0.6529396311248563,30.029296875,1.6830738733544537e-05,-1.4874962619304248,0.7369221959853373,1.0030164894518283,1660.8423923185628,216517535.20684847,1.9985095157220214,0.0006561378237162572,9.185728697955364,0.5310352112490481,10.009765625,1.05530150095806e-05,-1.0060982254452395,0.23394954559893896,1.044096537333961,882.2230456802032,141567502.5394415,1.2667311933458791,0.0009020729623883101,6.006227220302401,0.526374980899758,6.103515625,-0.00018340973424735613,-1.41356265892343,0.15074315351367723,1.0136996503277755,701.7306885186422,47130104.63460555,1.2571779027607202,0.0009499235243179088,1.99907954277341,0.6352825777255467,1.953125,-0.0009360187000543292,-1.346368490439628,0.05034765209845655,1.004038458894725,6208.51412018035,3284184.470347463,1.031600169499371,0.0012277118382427248,0.23569317309843632,0.7781593271942514,0.244140625,-0.11302634063652049,17.29785114367354,0.007860661653340565,2.2505463357693114,2163.659393266243,1885630.4335431342,0.8949188731281649,0.0013296377583156135,0.23734179365430622,0.8155649547574392,0.244140625,-0.2933613313493607,6.170810611888083,0.003066462546549901,1.6700750839942917,2903.920745763078,1396515.8045717329,0.6830803217595891,0.0015114205069107765,0.2437665447424378,0.8763839449009497,0.244140625,0.25226583388380025,4.423602574462419,0.0018135877604441093,0.9013115638231967,4071.8016365059348,545989.8560171131,0.4590989534907817,0.0016808196266625357,0.253585232026667,0.9270108320347598,0.244140625,1.3601990118284422,3.5895392528037906,0.0007278927612980086,1.2098297242905547
