AM0,BM0,ent0,Cent0,Pfreq0,Ppeak0,skew0,kurt0,Hmob0,Hcomp0,AM1,BM1,ent1,Cent1,Pfreq1,Ppeak1,skew1,kurt1,Hmob1,Hcomp1,AM2,BM2,ent2,Cent2,Pfreq2,Ppeak2,skew2,kurt2,Hmob2,Hcomp2,AM3,BM3,ent3,Cent3,Pfreq3,Ppeak3,skew3,kurt3,Hmob3,Hcomp3,AM4,BM4,ent4,Cent4,Pfreq4,Ppeak4,skew4,kurt4,Hmob4,Hcomp4,AM5,BM5,ent5,Cent5,Pfreq5,Ppeak5,skew5,kurt5,Hmob5,Hcomp5,AM6,BM6,ent6,Cent6,Pfreq6,Ppeak6,skew6,kurt6,Hmob6,Hcomp6,AM7,BM7,ent7,Cent7,Pfreq7,Ppeak7,skew7,kurt7,Hmob7,Hcomp7,AM8,BM8,ent8,Cent8,Pfreq8,Ppeak8,skew8,kurt8,Hmob8,Hcomp8
0.672676404888413,43089.12588126574,2.846165420219476,77.09962496675276,172.35650352478186,80.0,5.947941233614151e-06,-1.7522385199472816,1.6538125568919047,1.0203238801011099,0.6057743840220479,37834.96382632769,3.8219097824062187,30.0181151792538,151.33985529623473,30.0,1.6830738733544537e-05,-1.4874962619304248,0.7369221959853373,1.0030164894518283,0.802419670230159,72236.61370198711,4.1729285833116005,9.187074819513033,288.9464548042482,10.0,1.05530150095806e-05,-1.0060982254452395,0.23394954559893896,1.044096537333961,0.26089403122666605,6978.815626838245,3.3792031116230965,6.037481708808677,27.91526247572532,6.0,-0.00018340973424735613,-1.41356265892343,0.15074315351367723,1.0136996503277755,0.04628761772207039,219.2732852899394,3.2403084922947785,2.064080889006061,0.8770931402888744,2.0,-0.0009360187000543292,-1.346368490439628,0.05034765209845655,1.004038458894725,0.003115500368388672,9.50111890542945,1.100857449220401,0.2941997580922031,0.038002520924562105,0.09696969696969697,-0.11302634063652049,17.29785114367354,0.007860661653340565,2.2505463357693114,0.006703548925030176,21.87467472999095,1.8191896755434072,0.14903413619930841,0.0870612061785881,0.1,-0.2933613313493607,6.170810611888083,0.003066462546549901,1.6700750839942917,0.005070329340956848,9.387277189085221,2.319861942579304,0.10830337841051672,0.037528081940615125,0.06363636363636363,0.25226583388380025,4.423602574462419,0.0018135877604441093,0.9013115638231967,0.0025433861544973077,2.114834108070618,2.468890247115025,0.07227656246073413,0.008238377144434081,0.012121212121212121,1.3601990118284422,3.5895392528037906,0.0007278927612980086,1.2098297242905547
