AM0,BM0,ent0,pow0,Cent0,Ppeak0,Pfreq0,skew0,kurt0,Hmob0,Hcomp0,AM1,BM1,ent1,pow1,Cent1,Ppeak1,Pfreq1,skew1,kurt1,Hmob1,Hcomp1,AM2,BM2,ent2,pow2,Cent2,Ppeak2,Pfreq2,skew2,kurt2,Hmob2,Hcomp2,AM3,BM3,ent3,pow3,Cent3,Ppeak3,Pfreq3,skew3,kurt3,Hmob3,Hcomp3,AM4,BM4,ent4,pow4,Cent4,Ppeak4,Pfreq4,skew4,kurt4,Hmob4,Hcomp4
470127829.0955715,2047799.3773333202,0.9280118094677199,0.0010802939747651902,0.08344954481438173,0.6651419148088078,0.0,-1.2981411300859856e-07,1954.2604491279799,0.04663459085149098,5.628702144805484,10.389083675851522,141398760.54568714,1.2486193082550872,0.000904784493172063,5.999061209013397,0.52716527605048,6.103515625,-1.4000444993463508e-05,-1.499958824442484,0.1506298900461295,1.0001613480999456,1.69548481008658,706994089.2868991,1.2518757865972852,0.0009646681604447991,29.99997132853844,0.6543864006919221,30.029296875,9.552377632651625e-07,-1.4998593271789085,0.7362559366844136,1.0000007544961595,2.3166453153924826,1885317540.5867958,1.2482798453313402,0.0009221100247570527,79.99992384891745,0.5836671305540332,80.078125,8.593147373722698e-05,-1.49996188536403,1.6886665481311618,0.9999953472547936,3.2990926307153376,235664694.2463896,1.25185238294123,0.0009734986688011628,9.99999000852655,0.6652912168986437,10.009765625,1.0616290074749309e-05,-1.499478356321689,0.25067667880396827,1.0000291411099418
