AM0,BM0,ent0,Cent0,Pfreq0,Ppeak0,skew0,kurt0,Hmob0,Hcomp0,AM1,BM1,ent1,Cent1,Pfreq1,Ppeak1,skew1,kurt1,Hmob1,Hcomp1,AM2,BM2,ent2,Cent2,Pfreq2,Ppeak2,skew2,kurt2,Hmob2,Hcomp2,AM3,BM3,ent3,Cent3,Pfreq3,Ppeak3,skew3,kurt3,Hmob3,Hcomp3,AM4,BM4,ent4,Cent4,Pfreq4,Ppeak4,skew4,kurt4,Hmob4,Hcomp4
0.0003235989515848699,11.816623074115565,0.7060788143065757,8.533846131570483,0.04726649229646227,3.433333333333333,-1.2981411300859856e-07,1954.2604491279799,0.04663459085149098,5.628702144805484,0.6365084195748448,41239.69208567397,4.351505384804786,6.001799687361514,164.9587683426959,6.0,-1.4000444993463508e-05,-1.499958824442484,0.1506298900461295,1.0001613480999456,0.6357266221285547,41244.35263113024,3.223949469252162,30.000072483321787,164.97741052452105,30.0,9.552377632651625e-07,-1.4998593271789085,0.7362559366844136,1.0000007544961595,0.6357957941126174,41251.61223879258,3.2308496015693136,80.00005474807875,165.00644895517036,80.0,8.593147373722698e-05,-1.49996188536403,1.6886665481311618,0.9999953472547936,0.6355608489044184,41227.82643688767,3.23303696346203,10.00042034163783,164.91130574755064,10.0,1.0616290074749309e-05,-1.499478356321689,0.25067667880396827,1.0000291411099418
