AM0,BM0,ent0,Cent0,Pfreq0,Ppeak0,skew0,kurt0,Hmob0,Hcomp0,AM1,BM1,ent1,Cent1,Pfreq1,Ppeak1,skew1,kurt1,Hmob1,Hcomp1,AM2,BM2,ent2,Cent2,Pfreq2,Ppeak2,skew2,kurt2,Hmob2,Hcomp2,AM3,BM3,ent3,Cent3,Pfreq3,Ppeak3,skew3,kurt3,Hmob3,Hcomp3,AM4,BM4,ent4,Cent4,Pfreq4,Ppeak4,skew4,kurt4,Hmob4,Hcomp4,decTime,n_modes
0.07561770840225872,614.7577683626375,2.639193596603742,6.439659096051928,2.459031073450549,6.0,-0.004754656290773311,1.7861044893606728,0.15754887151431482,1.0937819720401847,0.636087971613989,41250.126365827,3.64403078061591,29.99763927819537,165.00050546330803,30.0,8.70674711072981e-07,-1.4995431846735126,0.7362185449154779,1.000048980410633,0.14531252015130222,2158.6873597896615,3.2703217818334673,79.9990730352368,8.634749439158647,80.0,0.00011659556355824886,-1.4929055438608059,1.688653302333877,1.0000058933115679,0.4902573409062174,24539.299834339614,3.1593799175844497,79.99991787135741,98.15719933735845,80.0,1.1782196136890229e-05,-1.4982613832659257,1.6886649488701149,0.9999960039209842,0.7506242246684109,69527.49803826702,4.161579488492216,8.182083869065927,278.1099921530681,10.0,1.2067384462099938e-05,-0.755644124405392,0.211167141969448,1.095926670521425,18.61860203742981,5
