AM0,BM0,ent0,Cent0,Pfreq0,Ppeak0,skew0,kurt0,Hmob0,Hcomp0,AM1,BM1,ent1,Cent1,Pfreq1,Ppeak1,skew1,kurt1,Hmob1,Hcomp1,AM2,BM2,ent2,Cent2,Pfreq2,Ppeak2,skew2,kurt2,Hmob2,Hcomp2,AM3,BM3,ent3,Cent3,Pfreq3,Ppeak3,skew3,kurt3,Hmob3,Hcomp3,AM4,BM4,ent4,Cent4,Pfreq4,Ppeak4,skew4,kurt4,Hmob4,Hcomp4
0.07574723398362827,616.427564939809,2.6469595889739708,6.434423339445229,2.465710259759236,6.0,-0.004723276713296049,1.7355684024210563,0.15741984828918806,1.0922600258977593,0.6360853040867502,41249.86905560714,3.657524783131575,29.99763417132906,164.9994762224286,30.0,8.158871180468472e-07,-1.499541097650278,0.7362184282007923,1.000048806538382,0.4979816734066847,25318.413494473007,3.147088608365678,79.99991377231211,101.27365397789207,80.0,1.3578207397440402e-05,-1.4983249105046321,1.6886649360545967,0.9999959715553971,0.13757487704853255,1934.9186695208157,3.332233052646612,79.9988787041204,7.739674678083263,80.0,0.0001291069728643686,-1.4933004531319827,1.6886512994522105,1.0000068882283413,0.7482970713501089,69091.17054451804,4.176535907275578,8.185608802079294,276.364682178072,10.0,1.1676060126119942e-05,-0.7558773862950203,0.21125074069583386,1.0957488977903211
