AM0,BM0,ent0,Cent0,Pfreq0,Ppeak0,skew0,kurt0,Hmob0,Hcomp0,AM1,BM1,ent1,Cent1,Pfreq1,Ppeak1,skew1,kurt1,Hmob1,Hcomp1,AM2,BM2,ent2,Cent2,Pfreq2,Ppeak2,skew2,kurt2,Hmob2,Hcomp2,AM3,BM3,ent3,Cent3,Pfreq3,Ppeak3,skew3,kurt3,Hmob3,Hcomp3,decTime,n_modes
0.07568555220170435,615.8549797112145,2.6317641964148515,6.439240353810263,2.4634199188448584,6.0,-0.0047550717048758006,1.7854379075165703,0.15755379150500234,1.0966330015827601,0.6360895852543234,41250.27684099653,3.643830902516259,29.997657181734265,165.00110736398625,30.0,2.227418408177208e-06,-1.49954606434604,0.7362188932901409,1.0000492275137969,0.6356607348817227,41249.318406202874,3.2723194289125535,80.00002139285252,164.99727362481156,80.0,2.8082703601598838e-05,-1.4986910124914092,1.6886659902227308,0.9999958080536677,0.7511377904120605,69623.01373830033,4.1616703424801385,8.181875431255268,278.4920549532013,10.0,1.2220976529362598e-05,-0.7556319655791492,0.2111623101067172,1.0959477141000755,32.54933714866638,4
